source_record_id,fecha_hora,aeropuerto_icao,aeropuerto_nombre,ciudad,provincia,tipo_incidente,categoria_incidente,fase_vuelo,descripcion,aeronave_modelo,aeronave_matricula,tipo_aeronave,condicion_meteorologica,condicion_luz,visibilidad_millas,viento_kt,latitud,longitud,lesionados,fatalidades,nivel_riesgo,event_codes,mapped_event_codes,unknown_event_codes,mapping_rule_source,mapping_version
JST-RAW-89927439-23,2020-05-06T01:45:00,,,Esquel,Chubut,"ARC (Abnormal runway contact), F-POST (Fire/smoke Post-Impact), CFIT (Controlled fligth into or toward terrain)",Pista,Aterrizaje,"Accidente | ARC (Abnormal runway contact), F-POST (Fire/smoke Post-Impact), CFIT (Controlled fligth into or toward terrain) | Non-Commercial Operations / Relocation / Delivery | Esquel, Chubut",,LV-BXU,,,,,,-42.903889,-71.135556,0,0,Critico,ARC|CFIT|F-POST,ARC|CFIT|F-POST,,tabla_jst_event_code_mapping,jst_event_code_mapping.csv
JST-RAW-34614024-20,2020-05-27T16:15:00,,,San Martín,Mendoza,SCF-NP (System/component failure or malfunction (No Powerplant),Tecnico,En vuelo,"Incidente | SCF-NP (System/component failure or malfunction (No Powerplant) | Non-Commercial Operations / Flight Training/Instructional / Dual | San Martín, Mendoza",,LV-AOX,,,,,,-25.737222,-54.373333,0,0,Alto,SCF-NP,SCF-NP,,tabla_jst_event_code_mapping,jst_event_code_mapping.csv
JST-RAW-34847138-20,2020-05-28T16:05:00,,,Añatuya,Santiago Del Estero,SCF-PP (Powerplant failure or malfunction),Tecnico,Ascenso inicial,"Incidente | SCF-PP (Powerplant failure or malfunction) | Specialised Operations / Aerial Work / Other | Añatuya, Santiago Del Estero",,LV-LMS,,,,,,-28.476944,-65.845,0,0,Alto,SCF-PP,SCF-PP,,tabla_jst_event_code_mapping,jst_event_code_mapping.csv
JST-RAW-35562234-20,2020-06-01T16:50:00,,,Marcos Juarez,Cordoba,SCF-NP (System/component failure or malfunction (No Powerplant),Tecnico,En vuelo,"Incidente | SCF-NP (System/component failure or malfunction (No Powerplant) | Unknown / Unknown / Se desconoce | Marcos Juarez, Cordoba",,LV-HFZ,,,,,,-31.283333,-64.466667,0,0,Alto,SCF-NP,SCF-NP,,tabla_jst_event_code_mapping,jst_event_code_mapping.csv
JST-RAW-36068137-2020,2020-06-03T17:00:00,,,Resistencia (SARE),Chaco,SCF-NP (System/component failure or malfunction (No Powerplant),Tecnico,En vuelo,"Incidente | SCF-NP (System/component failure or malfunction (No Powerplant) | Specialised Operations / Aerial Work / Other | Resistencia (SARE), Chaco",,LV-YIC,,,,,,-27.45,-59.056111,0,0,Alto,SCF-NP,SCF-NP,,tabla_jst_event_code_mapping,jst_event_code_mapping.csv
JST-RAW-44727485-2020,2020-06-17T18:30:00,,,Brasilia,Brasilia,SCF-PP (Powerplant failure or malfunction),Tecnico,Ascenso inicial,"Incidente grave | SCF-PP (Powerplant failure or malfunction) | Non-Commercial Operations / Flight Training/Instructional / Acrobatics | Brasilia, Brasilia",,PP-GLX,,,,,,-25.399167,-49.39,0,0,Alto,SCF-PP,SCF-PP,,tabla_jst_event_code_mapping,jst_event_code_mapping.csv
JST-RAW-57834817-2020,2020-08-05T13:33:00,,,Rancho San Isidro,Guanajuato,Accidente,Operacion,Maniobra a baja altura,"Accidente | Specialised Operations / Aerial Work / Agricultural | Rancho San Isidro, Guanajuato",,XB-SEY,,,,,,-34.654167,-58.643889,0,0,Alto,,,,heuristica_textual,jst_event_code_mapping.csv
JST-RAW-53682470-2020,2020-08-14T11:00:00,,,General Rodríguez,Buenos Aires,USOS (Undershoot/overshoot),Pista,Aterrizaje,"Accidente | USOS (Undershoot/overshoot) | Non-Commercial Operations / Relocation / Positioning | General Rodríguez, Buenos Aires",,LV-FEX,,,,,,-34.680278,-59.035833,0,0,Alto,USOS,USOS,,tabla_jst_event_code_mapping,jst_event_code_mapping.csv
JST-RAW-55235134-2020,2020-08-15T15:40:00,,,Estancia Cerro Sólo,Cordoba,SCF-PP (Powerplant failure or malfunction),Tecnico,Ascenso inicial,"Incidente | SCF-PP (Powerplant failure or malfunction) | Non-Commercial Operations / Bussiness / Bussiness | Estancia Cerro Sólo, Cordoba",,LV-ZXR,,,,,,-30.777222,-62.977778,0,0,Alto,SCF-PP,SCF-PP,,tabla_jst_event_code_mapping,jst_event_code_mapping.csv
JST-RAW-72771474-22,2020-08-26T17:10:00,,,Guaratinguetá,Sao Pablo,"ARC (Abnormal runway contact), RE (Runway Excursion)",Pista,Aterrizaje,"Accidente | ARC (Abnormal runway contact), RE (Runway Excursion) | Non-Commercial Operations / Flight Training/Instructional / Dual | Guaratinguetá, Sao Pablo",,PP-GMC,,,,,,-22.791,-45.204,0,0,Alto,ARC|RE,ARC|RE,,tabla_jst_event_code_mapping,jst_event_code_mapping.csv
JST-RAW-77463989-2020,2020-09-03T14:45:00,,,Campo la banana,Mexico,Accidente,Operacion,Maniobra a baja altura,"Accidente | Specialised Operations / Aerial Work / Agricultural | Campo la banana, Mexico",,XB-XES,,,,,,-31.794722,-60.373889,0,0,Alto,,,,heuristica_textual,jst_event_code_mapping.csv
JST-RAW-60896240-20,2020-09-12T11:45:00,,,San Fernando,Buenos Aires,"SCF-NP (System/component failure or malfunction (No Powerplant), LOC-G (Loss of control -ground), RE (Runway Excursion)",Pista,Aterrizaje,"Incidente grave | SCF-NP (System/component failure or malfunction (No Powerplant), LOC-G (Loss of control -ground), RE (Runway Excursion) | Commercial Air Transport / Non-Scheduled / Air Ambulance | San Fernando, Buenos Aires",,LV-IYQ,,,,,,-34.456111,-58.593056,0,0,Alto,LOC-G|RE|SCF-NP,LOC-G|RE|SCF-NP,,tabla_jst_event_code_mapping,jst_event_code_mapping.csv
JST-RAW-66729421-2020,2020-10-04T20:40:00,,,Parada Leis,Misiones,"LOC-I (Loss of control - inflight), OTHR (Other)",Operacion,En vuelo,"Accidente | LOC-I (Loss of control - inflight), OTHR (Other) | Non-Commercial Operations / Pleasure / Otros | Parada Leis, Misiones",,LV-X628,,,,,,-27.606667,-55.865,0,0,Critico,LOC-I|OTHR,LOC-I|OTHR,,tabla_jst_event_code_mapping,jst_event_code_mapping.csv
JST-RAW-67758415-20,2020-10-06T21:30:00,,,Los Toldos,Buenos Aires,SCF-PP (Powerplant failure or malfunction),Tecnico,Ascenso inicial,"Accidente | SCF-PP (Powerplant failure or malfunction) | Non-Commercial Operations / Pleasure / Otros | Los Toldos, Buenos Aires",,LV-LXM,,,,,,-35.064167,-60.999444,0,0,Alto,SCF-PP,SCF-PP,,tabla_jst_event_code_mapping,jst_event_code_mapping.csv
JST-RAW-68704744-2020,2020-10-08T11:30:00,,,Suipacha,Buenos Aires,"SCF-NP (System/component failure or malfunction (No Powerplant), LOC-I (Loss of control - inflight)",Tecnico,En vuelo,"Accidente | SCF-NP (System/component failure or malfunction (No Powerplant), LOC-I (Loss of control - inflight) | Specialised Operations / Aerial Work / Agricultural | Suipacha, Buenos Aires",,LV-BDY,,,,,,-34.843611,-59.746944,0,0,Critico,LOC-I|SCF-NP,LOC-I|SCF-NP,,tabla_jst_event_code_mapping,jst_event_code_mapping.csv
JST-RAW-77459814-2020,2020-10-09T15:08:00,,,Brazo Largo,Entre Rios,LOC-I (Loss of control - inflight),Operacion,En vuelo,"Accidente | LOC-I (Loss of control - inflight) | Specialised Operations / Aerial Work / Agricultural | Brazo Largo, Entre Rios",,XB-OKQ,,,,,,-31.363333,-64.125278,0,0,Critico,LOC-I,LOC-I,,tabla_jst_event_code_mapping,jst_event_code_mapping.csv
JST-RAW-70329590-20,2020-10-17T14:40:00,,,Timbúes,Santa Fe,SCF-PP (Powerplant failure or malfunction),Tecnico,Ascenso inicial,"Incidente | SCF-PP (Powerplant failure or malfunction) | Non-Commercial Operations / Flight Training/Instructional / Other | Timbúes, Santa Fe",,LV-MOM,,,,,,-32.698611,-60.765556,0,0,Alto,SCF-PP,SCF-PP,,tabla_jst_event_code_mapping,jst_event_code_mapping.csv
JST-RAW-72216558-2020,2020-10-24T20:00:00,,,ELDORADO,Misiones,OTHR (Other),Operacion,En vuelo,"Incidente | OTHR (Other) | Non-Commercial Operations / Flight Training/Instructional / Other | ELDORADO, Misiones",,LV-CLJ,,,,,,-26.566111,-54.633333,0,0,Medio,OTHR,OTHR,,tabla_jst_event_code_mapping,jst_event_code_mapping.csv
JST-RAW-74339534-2020,2020-10-31T22:30:00,,,Marcos Juarez,Cordoba,USOS (Undershoot/overshoot),Pista,Aterrizaje,"Accidente | USOS (Undershoot/overshoot) | Non-Commercial Operations / Pleasure / Otros | Marcos Juarez, Cordoba",,LV-IIE,,,,,,-32.684444,-62.158056,0,0,Alto,USOS,USOS,,tabla_jst_event_code_mapping,jst_event_code_mapping.csv
JST-RAW-74340779-2020,2020-11-01T17:20:00,,,Aeródromo de Rauch,Buenos Aires,GTOW (Glider towing related events),Operacion,Despegue,"Accidente | GTOW (Glider towing related events) | Non-Commercial Operations / Flight Training/Instructional / Other | Aeródromo de Rauch, Buenos Aires",,LV-DHD,,,,,,-36.672222,-59.058333,0,0,Alto,GTOW,GTOW,,tabla_jst_event_code_mapping,jst_event_code_mapping.csv
JST-RAW-74344013-2020,2020-11-01T20:40:00,,,Morón,Buenos Aires,SCF-PP (Powerplant failure or malfunction),Tecnico,Ascenso inicial,"Incidente | SCF-PP (Powerplant failure or malfunction) | Non-Commercial Operations / Flight Training/Instructional / Other | Morón, Buenos Aires",,LV-IUV,,,,,,-35.210833,-59.136667,0,0,Alto,SCF-PP,SCF-PP,,tabla_jst_event_code_mapping,jst_event_code_mapping.csv
JST-RAW-75511048-2020,2020-11-05T12:55:00,,,El Plumerillo,Mendoza,"SCF-NP (System/component failure or malfunction (No Powerplant), RE (Runway Excursion)",Pista,Aterrizaje,"Accidente | SCF-NP (System/component failure or malfunction (No Powerplant), RE (Runway Excursion) | Non-Commercial Operations / Bussiness / Bussiness | El Plumerillo, Mendoza",,LV-VDJ,,,,,,-32.831667,-68.792778,0,0,Alto,RE|SCF-NP,RE|SCF-NP,,tabla_jst_event_code_mapping,jst_event_code_mapping.csv
JST-RAW-78780080-2020,2020-11-13T21:20:00,,,Santo Tomé,Corrientes,OTHR (Other),Operacion,En vuelo,"Accidente | OTHR (Other) | Non-Commercial Operations / Flight Training/Instructional / Other | Santo Tomé, Corrientes",,LV-YFB,,,,,,-28.547778,-56.098611,0,0,Medio,OTHR,OTHR,,tabla_jst_event_code_mapping,jst_event_code_mapping.csv
JST-RAW-79286405-2020,2020-11-17T14:50:00,,,Lujan,Buenos Aires,SCF-PP (Powerplant failure or malfunction),Tecnico,Ascenso inicial,"Accidente | SCF-PP (Powerplant failure or malfunction) | Non-Commercial Operations / Flight Training/Instructional / Other | Lujan, Buenos Aires",,LV-YNN,,,,,,-34.507222,-59.138611,0,0,Alto,SCF-PP,SCF-PP,,tabla_jst_event_code_mapping,jst_event_code_mapping.csv
JST-RAW-19695992-23,2020-11-20T19:15:00,,,Rio Juramento,Salta,"NAV (Navigation Error), LALT (Low altitude operations), CFIT (Controlled fligth into or toward terrain)",Operacion,Maniobra a baja altura,"Accidente | NAV (Navigation Error), LALT (Low altitude operations), CFIT (Controlled fligth into or toward terrain) | Non-Commercial Operations / Bussiness / Bussiness | Rio Juramento, Ruta Provincial 47 km 32,5; Coronel Moldes, Salta",,LV-FQN,,,,,,-25.293056,-65.288889,0,0,Critico,CFIT|LALT|NAV,CFIT|LALT|NAV,,tabla_jst_event_code_mapping,jst_event_code_mapping.csv
JST-RAW-82929801-2020,2020-11-28T12:55:00,,,Valle de Conlara,San Luis,ARC (Abnormal runway contact),Pista,Aterrizaje,"Accidente | ARC (Abnormal runway contact) | Non-Commercial Operations / Pleasure / Otros | Valle de Conlara, San Luis",,LV-JLF,,,,,,-32.384444,-65.185833,0,0,Alto,ARC,ARC,,tabla_jst_event_code_mapping,jst_event_code_mapping.csv
JST-RAW-84605430-2020,2020-12-04T12:18:00,,,Ita Ibate,Corrientes,RE (Runway Excursion),Pista,Aterrizaje,"Accidente | RE (Runway Excursion) | Specialised Operations / Aerial Work / Agricultural | Ita Ibate, Corrientes",,LV-GUQ,,,,,,-27.50638,-57.66083,0,0,Alto,RE,RE,,tabla_jst_event_code_mapping,jst_event_code_mapping.csv
JST-RAW-84943777-2020,2020-12-05T19:40:00,,,Cañuelas,Buenos Aires,ARC (Abnormal runway contact),Pista,Aterrizaje,"Incidente | ARC (Abnormal runway contact) | Non-Commercial Operations / Pleasure / Otros | Cañuelas, Buenos Aires",,LV-DEY,,,,,,-35.111667,-58.726389,0,0,Alto,ARC,ARC,,tabla_jst_event_code_mapping,jst_event_code_mapping.csv
JST-RAW-84943876-2020,2020-12-06T13:30:00,,,La Cumbre,Cordoba,ARC (Abnormal runway contact),Pista,Aterrizaje,"Accidente | ARC (Abnormal runway contact) | Non-Commercial Operations / Flight Training/Instructional / Solo (supervised) | La Cumbre, Cordoba",,LV-S034,,,,,,-31.005,-64.532778,0,0,Alto,ARC,ARC,,tabla_jst_event_code_mapping,jst_event_code_mapping.csv
JST-RAW-85256397-2020,2020-12-08T18:00:00,,,Río Cuarto - (SAOC),Cordoba,SCF-PP (Powerplant failure or malfunction),Tecnico,Ascenso inicial,"Incidente | SCF-PP (Powerplant failure or malfunction) | Non-Commercial Operations / Bussiness / Bussiness | Río Cuarto - (SAOC), Cordoba",,LV-WLS,,,,,,-33.085278,-64.261389,0,0,Alto,SCF-PP,SCF-PP,,tabla_jst_event_code_mapping,jst_event_code_mapping.csv
JST-RAW-85395053-2020,2020-12-09T15:30:00,,,Partido de Bahia Blanca,Buenos Aires,SCF-PP (Powerplant failure or malfunction),Tecnico,Ascenso inicial,"Incidente | SCF-PP (Powerplant failure or malfunction) | Non-Commercial Operations / Pleasure / Otros | Partido de Bahia Blanca, Buenos Aires",,LV-HTI,,,,,,-38.941389,-62.470278,0,0,Alto,SCF-PP,SCF-PP,,tabla_jst_event_code_mapping,jst_event_code_mapping.csv
JST-RAW-5229196-23,2020-12-11T10:20:00,,,Mercedes,Corrientes,SCF-PP (Powerplant failure or malfunction),Tecnico,Ascenso inicial,"Accidente | SCF-PP (Powerplant failure or malfunction) | Specialised Operations / Aerial Work / Agricultural | Mercedes, Corrientes",,LV-CII,,,,,,-29.360833,-58.119167,0,0,Alto,SCF-PP,SCF-PP,,tabla_jst_event_code_mapping,jst_event_code_mapping.csv
JST-RAW-89597356-2020,2020-12-21T19:10:00,,,Los Toldos,Buenos Aires,ADRM (Aerodrome),Pista,Aproximacion,"Incidente | ADRM (Aerodrome) | Non-Commercial Operations / Flight Training/Instructional / Other | Los Toldos, Buenos Aires",,LV-BXM,,,,,,-34.972222,-61.015,0,0,Medio,ADRM,ADRM,,tabla_jst_event_code_mapping,jst_event_code_mapping.csv
JST-RAW-90693298-2020,2020-12-28T13:00:00,,,Lago Nahuel Huapi,Rio Negro,CTOL (Collision with obstacle during take-off and landing),Operacion,Despegue,"Accidente | CTOL (Collision with obstacle during take-off and landing) | Non-Commercial Operations / Pleasure / Local | Lago Nahuel Huapi, Rio Negro",,LV-X226,,,,,,-41.053889,-71.198333,0,0,Critico,CTOL,CTOL,,tabla_jst_event_code_mapping,jst_event_code_mapping.csv
JST-RAW-02025653-21,2021-01-07T19:39:00,,,Comodoro Rivadavia,Chubut,SCF-NP (System/component failure or malfunction (No Powerplant),Tecnico,En vuelo,"Accidente | SCF-NP (System/component failure or malfunction (No Powerplant) | Non-Commercial Operations / Relocation / Delivery | Comodoro Rivadavia, Chubut",,LV-LTT,,,,,,-38.727222,-62.153333,0,0,Alto,SCF-NP,SCF-NP,,tabla_jst_event_code_mapping,jst_event_code_mapping.csv
JST-RAW-02505382-21,2021-01-08T16:00:00,,,Lago Cholila,Chubut,SCF-NP (System/component failure or malfunction (No Powerplant),Tecnico,En vuelo,"Accidente | SCF-NP (System/component failure or malfunction (No Powerplant) | Non-Commercial Operations / Pleasure / Otros | Lago Cholila, Chubut",,LV-S004,,,,,,-42.464444,-71.597222,0,0,Alto,SCF-NP,SCF-NP,,tabla_jst_event_code_mapping,jst_event_code_mapping.csv
JST-RAW-4510926-21,2021-01-09T21:30:00,,,Pergamino,Buenos Aires,ADRM (Aerodrome),Pista,Aproximacion,"Accidente | ADRM (Aerodrome) | Non-Commercial Operations / Pleasure / Local | Pergamino, Buenos Aires",,LV-X251,,,,,,-33.920278,-60.648056,0,0,Medio,ADRM,ADRM,,tabla_jst_event_code_mapping,jst_event_code_mapping.csv
JST-RAW-3324219-21,2021-01-12T19:30:00,,,El Pampero,La Pampa,LOC-G (Loss of control -ground),Operacion,Rodaje,"Accidente | LOC-G (Loss of control -ground) | Non-Commercial Operations / Flight Training/Instructional / Other | El Pampero, La Pampa",,LV-JZF,,,,,,-36.596667,-64.187222,0,0,Alto,LOC-G,LOC-G,,tabla_jst_event_code_mapping,jst_event_code_mapping.csv
JST-RAW-6589216-21,2021-01-23T18:00:00,,,Pérez,Santa Fe,"SCF-NP (System/component failure or malfunction (No Powerplant), AMAN (Abrupt Maneuvre)",Tecnico,En vuelo,"Accidente | SCF-NP (System/component failure or malfunction (No Powerplant), AMAN (Abrupt Maneuvre) | Non-Commercial Operations / Pleasure / Otros | Pérez, Santa Fe",,LV-X198,,,,,,-33.013889,-60.8,0,0,Alto,AMAN|SCF-NP,AMAN|SCF-NP,,tabla_jst_event_code_mapping,jst_event_code_mapping.csv
JST-RAW-24072277-21,2021-01-23T20:00:00,,,Pinamar,Buenos Aires,ADRM (Aerodrome),Pista,Aproximacion,"Incidente | ADRM (Aerodrome) | Non-Commercial Operations / Flight Training/Instructional / Other | Pinamar, Buenos Aires",,LV-IHF,,,,,,-37.09638,-56.97416,0,0,Medio,ADRM,ADRM,,tabla_jst_event_code_mapping,jst_event_code_mapping.csv
JST-RAW-7146576-21,2021-01-26T09:30:00,,,Ministro Pistarini -Ezeiza (SAEZ),Buenos Aires,RI (Runway Incursion),Pista,Rodaje,"Incidente grave | RI (Runway Incursion) | Commercial Air Transport / Scheduled / Airline (domestic) | Ministro Pistarini -Ezeiza (SAEZ), Buenos Aires",,LV-HFR,,,,,,-34.816111,-58.532778,0,0,Medio,RI,RI,,tabla_jst_event_code_mapping,jst_event_code_mapping.csv
JST-RAW-7090271-21,2021-01-26T17:05:00,,,General Rodríguez,Buenos Aires,"F-POST (Fire/smoke Post-Impact), LOC-I (Loss of control - inflight)",Seguridad operacional,En tierra,"Accidente | F-POST (Fire/smoke Post-Impact), LOC-I (Loss of control - inflight) | Non-Commercial Operations / Pleasure / Otros | General Rodríguez, Buenos Aires",,LV-X611,,,,,,-34.256667,-63.595278,0,0,Critico,F-POST|LOC-I,F-POST|LOC-I,,tabla_jst_event_code_mapping,jst_event_code_mapping.csv
JST-RAW-11837194-21,2021-02-09T11:00:00,,,Saira,Cordoba,SCF-PP (Powerplant failure or malfunction),Tecnico,Ascenso inicial,"Accidente | SCF-PP (Powerplant failure or malfunction) | Non-Commercial Operations / Bussiness / Bussiness | Saira, Cordoba",,LV-LXD,,,,,,-25.737222,-54.473333,0,0,Alto,SCF-PP,SCF-PP,,tabla_jst_event_code_mapping,jst_event_code_mapping.csv
JST-RAW-13476494-21,2021-02-11T21:30:00,,,Alcaraz,Entre Rios,UNK (Unknown o undetermined),Operacion,En vuelo,"Accidente | UNK (Unknown o undetermined) | Specialised Operations / Aerial Work / Agricultural | Alcaraz, Entre Rios",,LV-BNL,,,,,,-31.521944,-59.491944,0,0,Bajo,UNK,UNK,,tabla_jst_event_code_mapping,jst_event_code_mapping.csv
JST-RAW-13467164-2021,2021-02-14T21:00:00,,,Pehuajo,Buenos Aires,FUEL (Fuel related),Tecnico,Ascenso inicial,"Accidente | FUEL (Fuel related) | Non-Commercial Operations / Pleasure / Otros | Pehuajo, Buenos Aires",,LV-GMJ,,,,,,-35.820833,-61.855278,0,0,Alto,FUEL,FUEL,,tabla_jst_event_code_mapping,jst_event_code_mapping.csv
JST-RAW-16573504-21,2021-02-23T20:00:00,,,General Belgrano,Salta,ARC (Abnormal runway contact),Pista,Aterrizaje,"Incidente | ARC (Abnormal runway contact) | Non-Commercial Operations / Flight Training/Instructional / Other | General Belgrano, Salta",,LV-ASJ,,,,,,-24.745833,-65.418889,0,0,Alto,ARC,ARC,,tabla_jst_event_code_mapping,jst_event_code_mapping.csv
JST-RAW-18060055-21,2021-03-02T15:00:00,,,Aeroclub San Lorenzo,Santa Fe,"SCF-NP (System/component failure or malfunction (No Powerplant), RE (Runway Excursion)",Pista,Aterrizaje,"Accidente | SCF-NP (System/component failure or malfunction (No Powerplant), RE (Runway Excursion) | Non-Commercial Operations / Flight Training/Instructional / Solo (supervised) | Aeroclub San Lorenzo, Santa Fe",,LV-ODP,,,,,,-32.718333,-60.785278,0,0,Alto,RE|SCF-NP,RE|SCF-NP,,tabla_jst_event_code_mapping,jst_event_code_mapping.csv
JST-RAW-19196545-21,2021-03-04T13:30:00,,,25 de mayo,Buenos Aires,"LALT (Low altitude operations), LOC-I (Loss of control - inflight)",Operacion,Maniobra a baja altura,"Accidente | LALT (Low altitude operations), LOC-I (Loss of control - inflight) | Specialised Operations / Aerial Work / Other | 25 de mayo, Buenos Aires",,LV-BHV,,,,,,-35.495278,-59.866667,0,0,Critico,LALT|LOC-I,LALT|LOC-I,,tabla_jst_event_code_mapping,jst_event_code_mapping.csv
JST-RAW-20256169-21,2021-03-05T22:00:00,,,San Fernando,Buenos Aires,BIRD (Birdstrike),Fauna,Ascenso inicial,"Incidente | BIRD (Birdstrike) | Commercial Air Transport / Non-Scheduled / Airline (domestic) | San Fernando, Buenos Aires",,LV-GOM,,,,,,-34.455,-58.591389,0,0,Alto,BIRD,BIRD,,tabla_jst_event_code_mapping,jst_event_code_mapping.csv
JST-RAW-20098649-21,2021-03-06T11:25:00,,,Timbúes,Santa Fe,FUEL (Fuel related),Tecnico,Ascenso inicial,"Incidente grave | FUEL (Fuel related) | Non-Commercial Operations / Pleasure / Otros | Timbúes, Santa Fe",,LV-ITP,,,,,,-32.68305,-60.77722,0,0,Alto,FUEL,FUEL,,tabla_jst_event_code_mapping,jst_event_code_mapping.csv
JST-RAW-20096630-21,2021-03-06T12:45:00,,,Aeródromo Uspallata,Mendoza,"WSTRW (Windshear or thunderstorm), LALT (Low altitude operations), LOC-I (Loss of control - inflight)",Operacion,Aproximacion,"Accidente | WSTRW (Windshear or thunderstorm), LALT (Low altitude operations), LOC-I (Loss of control - inflight) | Unknown / Unknown / Se desconoce | Aeródromo Uspallata, Mendoza",,LV-S084,,,,,,-32.763333,-69.39,0,0,Critico,LALT|LOC-I|WSTRW,LALT|LOC-I|WSTRW,,tabla_jst_event_code_mapping,jst_event_code_mapping.csv
JST-RAW-20087088-21,2021-03-06T22:30:00,,,General San Martín,Mendoza,ARC (Abnormal runway contact),Pista,Aterrizaje,"Incidente | ARC (Abnormal runway contact) | Non-Commercial Operations / Flight Training/Instructional / Other | General San Martín, Mendoza",,LV-S029,,,,,,-33.062222,-68.509444,0,0,Alto,ARC,ARC,,tabla_jst_event_code_mapping,jst_event_code_mapping.csv
JST-RAW-20099792-21,2021-03-07T23:00:00,,,Concordia,Entre Rios,SCF-NP (System/component failure or malfunction (No Powerplant),Tecnico,En vuelo,"Incidente grave | SCF-NP (System/component failure or malfunction (No Powerplant) | Non-Commercial Operations / Bussiness / Bussiness | Concordia, Entre Rios",,LV-ZYB,,,,,,-31.296944,-57.996667,0,0,Alto,SCF-NP,SCF-NP,,tabla_jst_event_code_mapping,jst_event_code_mapping.csv
JST-RAW-22564759-21,2021-03-12T21:55:00,,,La Matanza,Buenos Aires,"SCF-PP (Powerplant failure or malfunction), RE (Runway Excursion)",Pista,Ascenso inicial,"Accidente | SCF-PP (Powerplant failure or malfunction), RE (Runway Excursion) | Non-Commercial Operations / Flight Training/Instructional / Other | La Matanza, Buenos Aires",,LV-AMS,,,,,,-34.72361,-58.515,0,0,Alto,RE|SCF-PP,RE|SCF-PP,,tabla_jst_event_code_mapping,jst_event_code_mapping.csv
JST-RAW-26301118-21,2021-03-23T19:05:00,,,Posadas Gral José de San Martín (SARP),Misiones,"SCF-NP (System/component failure or malfunction (No Powerplant), RE (Runway Excursion)",Pista,Aterrizaje,"Incidente | SCF-NP (System/component failure or malfunction (No Powerplant), RE (Runway Excursion) | Non-Commercial Operations / Flight Training/Instructional / Other | Posadas Gral José de San Martín (SARP), Misiones",,LV-X641,,,,,,-27.38583,-55.97055,0,0,Alto,RE|SCF-NP,RE|SCF-NP,,tabla_jst_event_code_mapping,jst_event_code_mapping.csv
JST-RAW-26302678-21,2021-03-24T13:30:00,,,Ceres,Santa Fe,"LALT (Low altitude operations), LOC-I (Loss of control - inflight)",Operacion,Maniobra a baja altura,"Accidente | LALT (Low altitude operations), LOC-I (Loss of control - inflight) | Specialised Operations / Aerial Work / Agricultural | Ceres, Santa Fe",,LV-MCJ,,,,,,-29.7575,-61.87805,0,0,Critico,LALT|LOC-I,LALT|LOC-I,,tabla_jst_event_code_mapping,jst_event_code_mapping.csv
JST-RAW-28547220-21,2021-03-31T11:20:00,,,Arteaga,Santa Fe,UIMC (Unintended Flight in IMC),Operacion,En vuelo,"Accidente | UIMC (Unintended Flight in IMC) | Non-Commercial Operations / Bussiness / Bussiness | Arteaga, Santa Fe",,LV-MLX,,,,,,-33.21666,-61.86666,0,0,Alto,UIMC,UIMC,,tabla_jst_event_code_mapping,jst_event_code_mapping.csv
JST-RAW-31530947-21,2021-04-12T14:00:00,,,La Plata,Buenos Aires,SCF-PP (Powerplant failure or malfunction),Tecnico,Ascenso inicial,"Incidente grave | SCF-PP (Powerplant failure or malfunction) | Non-Commercial Operations / Flight Training/Instructional / Other | La Plata, Buenos Aires",,LV-GDK,,,,,,-34.95888,-58.00444,0,0,Alto,SCF-PP,SCF-PP,,tabla_jst_event_code_mapping,jst_event_code_mapping.csv
JST-RAW-32447215-21,2021-04-14T15:30:00,,,Cañuelas,Buenos Aires,"F-POST (Fire/smoke Post-Impact), LOC-I (Loss of control - inflight)",Seguridad operacional,En tierra,"Accidente | F-POST (Fire/smoke Post-Impact), LOC-I (Loss of control - inflight) | Non-Commercial Operations / Flight Training/Instructional / Other | Cañuelas, Buenos Aires",,LV-S008,,,,,,-35.1175,-58.72361,0,0,Critico,F-POST|LOC-I,F-POST|LOC-I,,tabla_jst_event_code_mapping,jst_event_code_mapping.csv
JST-RAW-39571139-21,2021-05-02T15:00:00,,,El Carmen,Jujuy,SCF-PP (Powerplant failure or malfunction),Tecnico,Ascenso inicial,"Accidente | SCF-PP (Powerplant failure or malfunction) | Non-Commercial Operations / Pleasure / Otros | El Carmen, Jujuy",,LV-MZX,,,,,,-24.37944,-65.23888,0,0,Alto,SCF-PP,SCF-PP,,tabla_jst_event_code_mapping,jst_event_code_mapping.csv
JST-RAW-39552999-21,2021-05-04T14:00:00,,,Presidente Rivadavia,Buenos Aires,BIRD (Birdstrike),Fauna,Aterrizaje,"Incidente | BIRD (Birdstrike) | Non-Commercial Operations / Flight Training/Instructional / Other | Presidente Rivadavia, Buenos Aires",,LV-BRF,,,,,,-34.67916,-58.64277,0,0,Alto,BIRD,BIRD,,tabla_jst_event_code_mapping,jst_event_code_mapping.csv
JST-RAW-39553582-21,2021-05-05T13:35:00,,,Zárate,Buenos Aires,ADRM (Aerodrome),Pista,Aproximacion,"Incidente | ADRM (Aerodrome) | Non-Commercial Operations / Flight Training/Instructional / Other | Zárate, Buenos Aires",,LV-GUY,,,,,,-34.1175,-59.08222,0,0,Medio,ADRM,ADRM,,tabla_jst_event_code_mapping,jst_event_code_mapping.csv
JST-RAW-41953974-21,2021-05-11T21:25:00,,,Juan Domingo Perón - Neuquén (SAZN),Neuquen,ARC (Abnormal runway contact),Pista,Aterrizaje,"Accidente | ARC (Abnormal runway contact) | Non-Commercial Operations / Pleasure / Otros | Juan Domingo Perón - Neuquén (SAZN), Neuquen",,LV-GUK,,,,,,-38.94888,-68.15583,0,0,Alto,ARC,ARC,,tabla_jst_event_code_mapping,jst_event_code_mapping.csv
JST-RAW-44076210-21,2021-05-17T20:10:00,,,Mercedes,Buenos Aires,"ADRM (Aerodrome), GCOL (Ground Collision)",Pista,Aproximacion,"Accidente | ADRM (Aerodrome), GCOL (Ground Collision) | Unknown / Unknown / Se desconoce | Mercedes, Buenos Aires",,LV-ATE,,,,,,-34.63944,-59.40555,0,0,Alto,ADRM|GCOL,ADRM|GCOL,,tabla_jst_event_code_mapping,jst_event_code_mapping.csv
JST-RAW-48379302-21,2021-05-30T16:00:00,,,Garza,Santiago Del Estero,SCF-NP (System/component failure or malfunction (No Powerplant),Tecnico,En vuelo,"Accidente | SCF-NP (System/component failure or malfunction (No Powerplant) | Non-Commercial Operations / Pleasure / Otros | Garza, Santiago Del Estero",,LV-X774,,,,,,-28.29388,-63.37472,0,0,Alto,SCF-NP,SCF-NP,,tabla_jst_event_code_mapping,jst_event_code_mapping.csv
JST-RAW-67220206-21,2021-06-18T20:30:00,,,Aeropuerto Internacional de Laguna del Sauce,Maldonado,RE (Runway Excursion),Pista,Aterrizaje,"Incidente | RE (Runway Excursion) | Non-Commercial Operations / Bussiness / Bussiness | Aeropuerto Internacional de Laguna del Sauce, Maldonado",,LV-IYQ,,,,,,-34.855,-55.09416,0,0,Alto,RE,RE,,tabla_jst_event_code_mapping,jst_event_code_mapping.csv
JST-RAW-55482492-21,2021-06-19T11:30:00,,,Ezpeleta,Buenos Aires,OTHR (Other),Operacion,En vuelo,"Accidente | OTHR (Other) | Non-Commercial Operations / Flight Training/Instructional / Other | Ezpeleta, Buenos Aires",,LV-YQF,,,,,,-34.74222,-58.20666,0,0,Medio,OTHR,OTHR,,tabla_jst_event_code_mapping,jst_event_code_mapping.csv
JST-RAW-57388959-21,2021-06-26T20:30:00,,,San Martín,Mendoza,ARC (Abnormal runway contact),Pista,Aterrizaje,"Incidente | ARC (Abnormal runway contact) | Non-Commercial Operations / Flight Training/Instructional / Other | San Martín, Mendoza",,LV-AOX,,,,,,-33.05111,-68.50944,0,0,Alto,ARC,ARC,,tabla_jst_event_code_mapping,jst_event_code_mapping.csv
JST-RAW-59349420-21,2021-07-01T15:30:00,,,Gálvez,Santa Fe,LOC-G (Loss of control -ground),Operacion,Rodaje,"Incidente | LOC-G (Loss of control -ground) | Non-Commercial Operations / Flight Training/Instructional / Other | Gálvez, Santa Fe",,LV-RNY,,,,,,-32.01666,-61.17666,0,0,Alto,LOC-G,LOC-G,,tabla_jst_event_code_mapping,jst_event_code_mapping.csv
JST-RAW-59719000-21,2021-07-03T17:00:00,,,Ezpeleta,Buenos Aires,ADRM (Aerodrome),Pista,Aproximacion,"Accidente | ADRM (Aerodrome) | Non-Commercial Operations / Pleasure / Otros | Ezpeleta, Buenos Aires",,LV-HFU,,,,,,-34.745,-58.205,0,0,Medio,ADRM,ADRM,,tabla_jst_event_code_mapping,jst_event_code_mapping.csv
JST-RAW-59718268-21,2021-07-04T21:20:00,,,Villa Mercedes,San Luis,RE (Runway Excursion),Pista,Aterrizaje,"Accidente | RE (Runway Excursion) | Non-Commercial Operations / Pleasure / Otros | Villa Mercedes, San Luis",,LV-OMS,,,,,,-33.64027,-65.42,0,0,Alto,RE,RE,,tabla_jst_event_code_mapping,jst_event_code_mapping.csv
JST-RAW-60742424-21,2021-07-06T16:30:00,,,San Fernando,Buenos Aires,SCF-NP (System/component failure or malfunction (No Powerplant),Tecnico,En vuelo,"Incidente | SCF-NP (System/component failure or malfunction (No Powerplant) | Unknown / Unknown / Se desconoce | San Fernando, Buenos Aires",,LV-AHX,,,,,,-34.46027,-58.59583,0,0,Alto,SCF-NP,SCF-NP,,tabla_jst_event_code_mapping,jst_event_code_mapping.csv
JST-RAW-62293219-21,2021-07-08T16:45:00,,,Aeroparque Jorge Newbery (SABE),Buenos Aires,F-NI (Fire/smoke non-impact),Seguridad operacional,En vuelo,"Incidente grave | F-NI (Fire/smoke non-impact) | Commercial Air Transport / Scheduled / Airline (domestic) | Aeroparque Jorge Newbery (SABE), Buenos Aires",,LV-CMB,,,,,,-34.55972,-58.415,0,0,Alto,F-NI,F-NI,,tabla_jst_event_code_mapping,jst_event_code_mapping.csv
JST-RAW-64093487-21,2021-07-15T17:40:00,,,Ingeniero Taravella - Córdoba (SACO),Cordoba,GCOL (Ground Collision),Operacion,Rodaje,"Incidente | GCOL (Ground Collision) | Commercial Air Transport / Scheduled / Airline (domestic) | Ingeniero Taravella - Córdoba (SACO), Cordoba",,LV-IVO,,,,,,-31.31,-64.2083,0,0,Alto,GCOL,GCOL,,tabla_jst_event_code_mapping,jst_event_code_mapping.csv
JST-RAW-64534781-21,2021-07-16T20:15:00,,,Marcos Paz,Buenos Aires,LOC-I (Loss of control - inflight),Operacion,En vuelo,"Accidente | LOC-I (Loss of control - inflight) | Non-Commercial Operations / Flight Training/Instructional / Other | Marcos Paz, Buenos Aires",,LV-JFK,,,,,,-34.73972,-58.90277,0,0,Critico,LOC-I,LOC-I,,tabla_jst_event_code_mapping,jst_event_code_mapping.csv
JST-RAW-64536517-21,2021-07-17T19:00:00,,,Ezpeleta,Buenos Aires,"LOC-G (Loss of control -ground), RE (Runway Excursion)",Pista,Aterrizaje,"Accidente | LOC-G (Loss of control -ground), RE (Runway Excursion) | Unknown / Unknown / Se desconoce | Ezpeleta, Buenos Aires",,LV-GXN,,,,,,-34.74694,-58.20361,0,0,Alto,LOC-G|RE,LOC-G|RE,,tabla_jst_event_code_mapping,jst_event_code_mapping.csv
JST-RAW-72510988-21,2021-07-21T16:30:00,,,Fortín Belgrano,Chaco,ARC (Abnormal runway contact),Pista,Aterrizaje,"Incidente | ARC (Abnormal runway contact) | Non-Commercial Operations / Bussiness / Bussiness | Fortín Belgrano, Chaco",,LQ-ZPR,,,,,,-24.12111,-62.33944,0,0,Alto,ARC,ARC,,tabla_jst_event_code_mapping,jst_event_code_mapping.csv
JST-RAW-66978998-21,2021-07-23T14:15:00,,,San Carlos Norte,Santa Fe,SCF-PP (Powerplant failure or malfunction),Tecnico,Ascenso inicial,"Incidente | SCF-PP (Powerplant failure or malfunction) | Non-Commercial Operations / Pleasure / Otros | San Carlos Norte, Santa Fe",,LV-HBS,,,,,,-27.77583,-55.85333,0,0,Alto,SCF-PP,SCF-PP,,tabla_jst_event_code_mapping,jst_event_code_mapping.csv
JST-RAW-69379768-21,2021-07-31T14:15:00,,,Concepción del Uruguay,Entre Rios,SCF-NP (System/component failure or malfunction (No Powerplant),Tecnico,En vuelo,"Incidente | SCF-NP (System/component failure or malfunction (No Powerplant) | Unknown / Unknown / Se desconoce | Concepción del Uruguay, Entre Rios",,LV-OAW,,,,,,-32.15444,-58.19944,0,0,Alto,SCF-NP,SCF-NP,,tabla_jst_event_code_mapping,jst_event_code_mapping.csv
JST-RAW-70293688-21,2021-08-03T21:15:00,,,Rivadavia,Mendoza,SCF-PP (Powerplant failure or malfunction),Tecnico,Ascenso inicial,"Accidente | SCF-PP (Powerplant failure or malfunction) | Non-Commercial Operations / Pleasure / Local | Rivadavia, Mendoza",,LV-UX079,,,,,,-32.96305,-68.87277,0,0,Alto,SCF-PP,SCF-PP,,tabla_jst_event_code_mapping,jst_event_code_mapping.csv
JST-RAW-80437357-21,2021-08-07T20:30:00,,,Cañuelas,Buenos Aires,SCF-PP (Powerplant failure or malfunction),Tecnico,Ascenso inicial,"Accidente | SCF-PP (Powerplant failure or malfunction) | Specialised Operations / Aerial Work / Towing | Cañuelas, Buenos Aires",,LV-MBO,,,,,,-35.11166,-58.72638,0,0,Alto,SCF-PP,SCF-PP,,tabla_jst_event_code_mapping,jst_event_code_mapping.csv
JST-RAW-74901395-21,2021-08-15T19:15:00,,,Bragado,Buenos Aires,GCOL (Ground Collision),Operacion,Rodaje,"Accidente | GCOL (Ground Collision) | Non-Commercial Operations / Flight Training/Instructional / Other, Non-Commercial Operations / Pleasure / Local | Bragado, Buenos Aires",,"LV-APM, LV-GDU",,,,,,-35.33147,-60.57884,0,0,Alto,GCOL,GCOL,,tabla_jst_event_code_mapping,jst_event_code_mapping.csv
JST-RAW-805339326-21,2021-08-22T16:30:00,,,Suls,Maldonado,CFIT (Controlled fligth into or toward terrain),Operacion,En vuelo,"Accidente | CFIT (Controlled fligth into or toward terrain) | Non-Commercial Operations / Pleasure / Otros | Suls, Maldonado",,LV-CVT,,,,,,-34.855,-55.09416,0,0,Critico,CFIT,CFIT,,tabla_jst_event_code_mapping,jst_event_code_mapping.csv
JST-RAW-80441243-21,2021-08-28T19:30:00,,,Pueblo Esther,Santa Fe,ARC (Abnormal runway contact),Pista,Aterrizaje,"Accidente | ARC (Abnormal runway contact) | Specialised Operations / Aerial Work / Other | Pueblo Esther, Santa Fe",,LV-X662,,,,,,-33.08333,-60.55194,0,0,Alto,ARC,ARC,,tabla_jst_event_code_mapping,jst_event_code_mapping.csv
JST-RAW-86467423-21,2021-09-01T14:00:00,,,Aeroparque Jorge Newbery (SABE),Buenos Aires,RAMP (Ground Handling),Seguridad operacional,En tierra,"Incidente | RAMP (Ground Handling) | Commercial Air Transport / Scheduled / Airline (domestic) | Aeroparque Jorge Newbery (SABE), Buenos Aires",,LV-IVN,,,,,,-34.55888,-58.41638,0,0,Medio,RAMP,RAMP,,tabla_jst_event_code_mapping,jst_event_code_mapping.csv
JST-RAW-88708570-21,2021-09-19T18:25:00,,,San Andres de Giles,Buenos Aires,SCF-NP (System/component failure or malfunction (No Powerplant),Tecnico,En vuelo,"Accidente | SCF-NP (System/component failure or malfunction (No Powerplant) | Specialised Operations / Aerial Work / Other | San Andres de Giles, Buenos Aires",,LV-JYF,,,,,,-34.47027,-59.42472,0,0,Alto,SCF-NP,SCF-NP,,tabla_jst_event_code_mapping,jst_event_code_mapping.csv
JST-RAW-94210642-21,2021-10-03T15:01:00,,,Morón,Buenos Aires,RE (Runway Excursion),Pista,Aterrizaje,"Incidente | RE (Runway Excursion) | Non-Commercial Operations / Flight Training/Instructional / Other | Morón, Buenos Aires",,LV-BXR,,,,,,-34.67916,-58.64361,0,0,Alto,RE,RE,,tabla_jst_event_code_mapping,jst_event_code_mapping.csv
JST-RAW-97298782-21,2021-10-08T21:30:00,,,Intendente Alvear,La Pampa,CFIT (Controlled fligth into or toward terrain),Operacion,En vuelo,"Accidente | CFIT (Controlled fligth into or toward terrain) | Specialised Operations / Aerial Work / Agricultural | Intendente Alvear, La Pampa",,LV-BDW,,,,,,-35.36333,-63.46805,0,0,Critico,CFIT,CFIT,,tabla_jst_event_code_mapping,jst_event_code_mapping.csv
JST-RAW-97299571-21,2021-10-09T21:30:00,,,Lago Rosario,Chubut,FUEL (Fuel related),Tecnico,Ascenso inicial,"Accidente | FUEL (Fuel related) | Non-Commercial Operations / Pleasure / Local | Lago Rosario, Chubut",,LV-GBY,,,,,,-43.25027,-71.34888,0,0,Alto,FUEL,FUEL,,tabla_jst_event_code_mapping,jst_event_code_mapping.csv
JST-RAW-99216983-21,2021-10-15T21:10:00,,,Burzaco,Buenos Aires,FUEL (Fuel related),Tecnico,Ascenso inicial,"Accidente | FUEL (Fuel related) | Specialised Operations / Aerial Work / Other | Burzaco, Buenos Aires",,LV-FIU,,,,,,-34.81722,-58.635,0,0,Alto,FUEL,FUEL,,tabla_jst_event_code_mapping,jst_event_code_mapping.csv
JST-RAW-99215439-21,2021-10-17T08:00:00,,,Mercedes,Buenos Aires,BIRD (Birdstrike),Fauna,Aterrizaje,"Incidente | BIRD (Birdstrike) | Non-Commercial Operations / Flight Training/Instructional / Other | Mercedes, Buenos Aires",,LV-CKO,,,,,,-34.63888,-59.45527,0,0,Alto,BIRD,BIRD,,tabla_jst_event_code_mapping,jst_event_code_mapping.csv
JST-RAW-105094269-21,2021-10-23T11:15:00,,,Au Perito Moreno altura peaje Parque Avellaneda,Ciudad Autónoma De Buenos Aires,GCOL (Ground Collision),Operacion,Rodaje,"Accidente | GCOL (Ground Collision) | Commercial Air Transport / Non-Scheduled / Air Ambulance | Au Perito Moreno altura peaje Parque Avellaneda, Ciudad Autónoma De Buenos Aires",,LV-CVE,,,,,,-34.64722,-58.47833,0,0,Alto,GCOL,GCOL,,tabla_jst_event_code_mapping,jst_event_code_mapping.csv
JST-RAW-102726258-21,2021-10-26T13:30:00,,,San Fernando,Buenos Aires,F-NI (Fire/smoke non-impact),Seguridad operacional,En vuelo,"Incidente | F-NI (Fire/smoke non-impact) | Commercial Air Transport / Non-Scheduled / Air Ambulance | San Fernando, Buenos Aires",,LV-BPO,,,,,,-34.455,-58.59138,0,0,Alto,F-NI,F-NI,,tabla_jst_event_code_mapping,jst_event_code_mapping.csv
JST-RAW-105110377-21,2021-10-30T13:40:00,,,Marcos Paz,Buenos Aires,SCF-PP (Powerplant failure or malfunction),Tecnico,Ascenso inicial,"Accidente | SCF-PP (Powerplant failure or malfunction) | Non-Commercial Operations / Flight Training/Instructional / Other | Marcos Paz, Buenos Aires",,LV-GKC,,,,,,-34.72277,-58.89277,0,0,Alto,SCF-PP,SCF-PP,,tabla_jst_event_code_mapping,jst_event_code_mapping.csv
JST-RAW-105107497-21,2021-10-30T22:19:00,,,Villa General Belgrano,Cordoba,LALT (Low altitude operations),Operacion,Maniobra a baja altura,"Accidente | LALT (Low altitude operations) | Non-Commercial Operations / Pleasure / Otros | Villa General Belgrano, Cordoba",,LV-X571,,,,,,-31.96722,-64.56305,0,0,Alto,LALT,LALT,,tabla_jst_event_code_mapping,jst_event_code_mapping.csv
JST-RAW-105099341-21,2021-10-31T21:00:00,,,Itacaruaré,Misiones,"CTOL (Collision with obstacle during take-off and landing), AMAN (Abrupt Maneuvre)",Operacion,Despegue,"Accidente | CTOL (Collision with obstacle during take-off and landing), AMAN (Abrupt Maneuvre) | Non-Commercial Operations / Pleasure / Local | Itacaruaré, San Javier, Misiones",,LV-UX120,,,,,,-27.88333,-55.13611,0,0,Critico,AMAN|CTOL,AMAN|CTOL,,tabla_jst_event_code_mapping,jst_event_code_mapping.csv
JST-RAW-105559269-21,2021-11-02T07:27:00,,,Aeroparque Jorge Newbery (SABE),Buenos Aires,AMAN (Abrupt Maneuvre),Operacion,En vuelo,"Incidente | AMAN (Abrupt Maneuvre) | Non-Commercial Operations / Bussiness / Bussiness | Aeroparque Jorge Newbery (SABE), Buenos Aires",,LV-BYN,,,,,,-34.55972,-58.415,0,0,Alto,AMAN,AMAN,,tabla_jst_event_code_mapping,jst_event_code_mapping.csv
JST-RAW-107714093-21,2021-11-03T00:40:00,,,Baradero,Buenos Aires,SCF-NP (System/component failure or malfunction (No Powerplant),Tecnico,En vuelo,"Incidente | SCF-NP (System/component failure or malfunction (No Powerplant) | Commercial Air Transport / Scheduled / Airline (domestic) | Baradero, Buenos Aires",,N36962,,,,,,-33.81027,-59.49972,0,0,Alto,SCF-NP,SCF-NP,,tabla_jst_event_code_mapping,jst_event_code_mapping.csv
JST-RAW-108963100-21,2021-11-09T16:47:00,,,General Rodríguez,Buenos Aires,ARC (Abnormal runway contact),Pista,Aterrizaje,"Accidente | ARC (Abnormal runway contact) | Non-Commercial Operations / Flight Training/Instructional / Other | General Rodríguez, Buenos Aires",,LV-AMI,,,,,,-34.68027,-59.03583,0,0,Alto,ARC,ARC,,tabla_jst_event_code_mapping,jst_event_code_mapping.csv
JST-RAW-109328996-21,2021-11-10T20:50:00,,,San Carlos de Bolívar,Buenos Aires,"LOLI (Loss of lifting conditions en-route), CFIT (Controlled fligth into or toward terrain)",Operacion,En vuelo,"Accidente | LOLI (Loss of lifting conditions en-route), CFIT (Controlled fligth into or toward terrain) | Non-Commercial Operations / Pleasure / Otros | San Carlos de Bolívar, Buenos Aires",,LV-ENW,,,,,,-36.08055,-60.86944,0,0,Critico,CFIT|LOLI,CFIT|LOLI,,tabla_jst_event_code_mapping,jst_event_code_mapping.csv
JST-RAW-29824857-24,2021-11-17T18:30:00,,,Rauch,Buenos Aires,"F-POST (Fire/smoke Post-Impact), LALT (Low altitude operations), LOC-I (Loss of control - inflight)",Seguridad operacional,En tierra,"Accidente | F-POST (Fire/smoke Post-Impact), LALT (Low altitude operations), LOC-I (Loss of control - inflight) | Non-Commercial Operations / Relocation / Ferry | Rauch, Buenos Aires",,LV-ZRH,,,,,,-36.99388,-59.26972,0,0,Critico,F-POST|LALT|LOC-I,F-POST|LALT|LOC-I,,tabla_jst_event_code_mapping,jst_event_code_mapping.csv
JST-RAW-112293404-21,2021-11-18T12:30:00,,,Morón,Buenos Aires,GCOL (Ground Collision),Operacion,Rodaje,"Accidente | GCOL (Ground Collision) | Non-Commercial Operations / Relocation / Ferry | Morón, Buenos Aires",,LV-CDW,,,,,,-34.67916,-58.64277,0,0,Alto,GCOL,GCOL,,tabla_jst_event_code_mapping,jst_event_code_mapping.csv
JST-RAW-113471705-21,2021-11-20T12:35:00,,,Azcarate Irastorsa S.A - Int. Alvear,La Pampa,USOS (Undershoot/overshoot),Pista,Aterrizaje,"Accidente | USOS (Undershoot/overshoot) | Non-Commercial Operations / Pleasure / Otros | Azcarate Irastorsa S.A - Int. Alvear, La Pampa",,LV-BXJ,,,,,,-35.23361,-63.56555,0,0,Alto,USOS,USOS,,tabla_jst_event_code_mapping,jst_event_code_mapping.csv
JST-RAW-119929779-21,2021-12-10T10:40:00,,,Alagro. Localidad: FUNES,Santa Fe,ARC (Abnormal runway contact),Pista,Aterrizaje,"Accidente | ARC (Abnormal runway contact) | Non-Commercial Operations / Flight Training/Instructional / Solo (supervised) | Alagro. Localidad: FUNES, Santa Fe",,LV-CJR,,,,,,-32.89,-60.84361,0,0,Alto,ARC,ARC,,tabla_jst_event_code_mapping,jst_event_code_mapping.csv
JST-RAW-6658234-22,2021-12-21T23:15:00,,,El Pampero,La Pampa,SCF-NP (System/component failure or malfunction (No Powerplant),Tecnico,En vuelo,"Incidente | SCF-NP (System/component failure or malfunction (No Powerplant) | Non-Commercial Operations / Pleasure / Local | El Pampero, La Pampa",,LV-EQS,,,,,,-36.592862,-64.187126,0,0,Alto,SCF-NP,SCF-NP,,tabla_jst_event_code_mapping,jst_event_code_mapping.csv
JST-RAW-126611445-21,2021-12-29T14:15:00,,,40 NM al Norte de AD Chapelco,Neuquen,EXTL (External load related ocurrences),Operacion,En vuelo,"Accidente | EXTL (External load related ocurrences) | Nationally Regulated Operations (State Operations) / Firefighting / Firefighting | 40 NM al Norte de AD Chapelco, Neuquen",,LV-KAI,,,,,,-40.075278,-71.137222,0,0,Alto,EXTL,EXTL,,tabla_jst_event_code_mapping,jst_event_code_mapping.csv
JST-RAW-35544821-23,2022-01-15T13:40:00,,,Cajati,San Pablo,"LOC-G (Loss of control -ground), RAMP (Ground Handling)",Seguridad operacional,Rodaje,"Accidente | LOC-G (Loss of control -ground), RAMP (Ground Handling) | Specialised Operations / Aerial Work / Agricultural | Cajati, San Pablo",,PR-SOD,,,,,,-20.962,-49.213,0,0,Alto,LOC-G|RAMP,LOC-G|RAMP,,tabla_jst_event_code_mapping,jst_event_code_mapping.csv
JST-RAW-16106876-24,2022-01-15T22:30:00,,,Santo Tomé,Corrientes,LOC-I (Loss of control - inflight),Operacion,En vuelo,"Accidente | LOC-I (Loss of control - inflight) | Nationally Regulated Operations (State Operations) / Firefighting / Firefighting | Santo Tomé, Corrientes",,LV-WZE,,,,,,-28.52305,-56.11277,0,0,Critico,LOC-I,LOC-I,,tabla_jst_event_code_mapping,jst_event_code_mapping.csv
JST-RAW-6496349-22,2022-01-20T09:45:00,,,San Fernando,Buenos Aires,BIRD (Birdstrike),Fauna,Ascenso inicial,"Incidente | BIRD (Birdstrike) | Commercial Air Transport / Non-Scheduled / Airline (domestic) | San Fernando, Buenos Aires",,LV-ZTR,,,,,,-34.455,-58.59138,0,0,Alto,BIRD,BIRD,,tabla_jst_event_code_mapping,jst_event_code_mapping.csv
JST-RAW-22353426-22,2022-03-02T16:30:00,,,Angra dos Reis,Angra Dos Reis,RE (Runway Excursion),Pista,Aterrizaje,"Accidente | RE (Runway Excursion) | Non-Commercial Operations / Pleasure / Otros | Angra dos Reis, Angra Dos Reis",,LV-GQN,,,,,,-22.97527,-44.30722,0,0,Alto,RE,RE,,tabla_jst_event_code_mapping,jst_event_code_mapping.csv
JST-RAW-70693621-24,2022-03-09T19:30:00,,,General Pinedo,Chaco,FUEL (Fuel related),Tecnico,Ascenso inicial,"Accidente | FUEL (Fuel related) | Specialised Operations / Aerial Work / Agricultural | General Pinedo, Chaco",,LV-JQL,,,,,,-27.46611,-61.61055,0,0,Alto,FUEL,FUEL,,tabla_jst_event_code_mapping,jst_event_code_mapping.csv
JST-RAW-25677952-22,2022-03-12T16:30:00,,,Mula Muerta,Cordoba,FUEL (Fuel related),Tecnico,Ascenso inicial,"Accidente | FUEL (Fuel related) | Specialised Operations / Aerial Work / Agricultural | Mula Muerta, Cordoba",,LV-BYP,,,,,,-30.88194,-63.965,0,0,Alto,FUEL,FUEL,,tabla_jst_event_code_mapping,jst_event_code_mapping.csv
JST-RAW-24983343-22,2022-03-14T18:45:00,,,San Justo,Santa Fe,"ARC (Abnormal runway contact), RE (Runway Excursion)",Pista,Aterrizaje,"Accidente | ARC (Abnormal runway contact), RE (Runway Excursion) | Non-Commercial Operations / Bussiness / Bussiness | San Justo, Santa Fe",,LV-MEE,,,,,,-30.76805,-60.56833,0,0,Alto,ARC|RE,ARC|RE,,tabla_jst_event_code_mapping,jst_event_code_mapping.csv
JST-RAW-26584049-22,2022-03-19T20:10:00,,,San Fernando,Buenos Aires,FUEL (Fuel related),Tecnico,Ascenso inicial,"Incidente | FUEL (Fuel related) | Non-Commercial Operations / Pleasure / Otros | San Fernando, Buenos Aires",,LV-HWL,,,,,,-34.455,-58.59138,0,0,Alto,FUEL,FUEL,,tabla_jst_event_code_mapping,jst_event_code_mapping.csv
JST-RAW-35178584-22,2022-04-07T11:15:00,,,San Fernando,Buenos Aires,GCOL (Ground Collision),Operacion,Rodaje,"Incidente | GCOL (Ground Collision) | Commercial Air Transport / Scheduled / Airline (domestic) | San Fernando, Buenos Aires",,LV-KBS,,,,,,-34.455,-58.59138,0,0,Alto,GCOL,GCOL,,tabla_jst_event_code_mapping,jst_event_code_mapping.csv
JST-RAW-36953095-22,2022-04-16T18:40:00,,,Necochea,Buenos Aires,SCF-PP (Powerplant failure or malfunction),Tecnico,Ascenso inicial,"Incidente grave | SCF-PP (Powerplant failure or malfunction) | Non-Commercial Operations / Pleasure / Local | Necochea, Buenos Aires",,LV-OFS,,,,,,-38.60541,-58.79166,0,0,Alto,SCF-PP,SCF-PP,,tabla_jst_event_code_mapping,jst_event_code_mapping.csv
JST-RAW-49951658-22,2022-05-03T20:15:00,,,Alto Paraíso de Goiás,Goiás,SCF-NP (System/component failure or malfunction (No Powerplant),Tecnico,En vuelo,"Accidente | SCF-NP (System/component failure or malfunction (No Powerplant) | Specialised Operations / Aerial Work / Agricultural | Alto Paraíso de Goiás, Goiás",,PT-OUB,,,,,,-14.30083,-47.45722,0,0,Alto,SCF-NP,SCF-NP,,tabla_jst_event_code_mapping,jst_event_code_mapping.csv
JST-RAW-44739297-22,2022-05-05T19:30:00,,,Santa Rosa (SAZR),La Pampa,ARC (Abnormal runway contact),Pista,Aterrizaje,"Incidente | ARC (Abnormal runway contact) | Non-Commercial Operations / Pleasure / Local | Santa Rosa (SAZR), La Pampa",,LV-EQS,,,,,,-36.59666,-64.18722,0,0,Alto,ARC,ARC,,tabla_jst_event_code_mapping,jst_event_code_mapping.csv
JST-RAW-47591895-22,2022-05-12T13:00:00,,,Resistencia (SARE),Chaco,SCF-NP (System/component failure or malfunction (No Powerplant),Tecnico,En vuelo,"Incidente | SCF-NP (System/component failure or malfunction (No Powerplant) | Non-Commercial Operations / Pleasure / Otros | Resistencia (SARE), Chaco",,LV-MYA,,,,,,-27.45,-59.05611,0,0,Alto,SCF-NP,SCF-NP,,tabla_jst_event_code_mapping,jst_event_code_mapping.csv
JST-RAW-53119193-22,2022-05-17T10:00:00,,,Brasilândia de Minas,Minas Gerais,GCOL (Ground Collision),Operacion,Rodaje,"Accidente | GCOL (Ground Collision) | Specialised Operations / Aerial Work / Agricultural | Brasilândia de Minas, Minas Gerais",,PR-CTD,,,,,,-17.07027,-45.87444,0,0,Critico,GCOL,GCOL,,tabla_jst_event_code_mapping,jst_event_code_mapping.csv
JST-RAW-50053689-22,2022-05-19T15:45:00,,,Marcos Paz,Buenos Aires,SCF-PP (Powerplant failure or malfunction),Tecnico,Ascenso inicial,"Incidente | SCF-PP (Powerplant failure or malfunction) | Non-Commercial Operations / Flight Training/Instructional / Dual | Marcos Paz, Buenos Aires",,LV-BRI,,,,,,-34.71222,-58.87388,0,0,Alto,SCF-PP,SCF-PP,,tabla_jst_event_code_mapping,jst_event_code_mapping.csv
JST-RAW-58320078-22,2022-06-07T13:12:00,,,Aeroparque Jorge Newbery (SABE),Buenos Aires,ARC (Abnormal runway contact),Pista,Aterrizaje,"Incidente | ARC (Abnormal runway contact) | Commercial Air Transport / Non-Scheduled / Airline (domestic) | Aeroparque Jorge Newbery (SABE), Buenos Aires",,LV-IYQ,,,,,,-34.55972,-58.415,0,0,Alto,ARC,ARC,,tabla_jst_event_code_mapping,jst_event_code_mapping.csv
JST-RAW-59370193-22,2022-06-12T18:30:00,,,Hersilia,Santa Fe,SCF-PP (Powerplant failure or malfunction),Tecnico,Ascenso inicial,"Incidente | SCF-PP (Powerplant failure or malfunction) | Non-Commercial Operations / Flight Training/Instructional / Other | Hersilia, Santa Fe",,LV-ZEY,,,,,,-30.07777,-61.92583,0,0,Alto,SCF-PP,SCF-PP,,tabla_jst_event_code_mapping,jst_event_code_mapping.csv
JST-RAW-61313032-22,2022-06-15T18:30:00,,,El Tránsito,Corrientes,LOC-I (Loss of control - inflight),Operacion,En vuelo,"Accidente | LOC-I (Loss of control - inflight) | Non-Commercial Operations / Pleasure / Otros | El Tránsito, Corrientes",,LV-HUQ,,,,,,-28.41666,-57.7,0,0,Critico,LOC-I,LOC-I,,tabla_jst_event_code_mapping,jst_event_code_mapping.csv
JST-RAW-66227559-22,2022-06-17T13:10:00,,,Fernandópolis,Sao Pablo,RE (Runway Excursion),Pista,Aterrizaje,"Accidente | RE (Runway Excursion) | Non-Commercial Operations / Flight Training/Instructional / Check | Fernandópolis, Sao Pablo",,PP-GEJ,,,,,,-20.27666,-50.21388,0,0,Alto,RE,RE,,tabla_jst_event_code_mapping,jst_event_code_mapping.csv
JST-RAW-66817513-22,2022-07-01T17:10:00,,,Río Grande,Antártida E Islas Del Atlántico Sur,"SCF-NP (System/component failure or malfunction (No Powerplant), F-POST (Fire/smoke Post-Impact)",Seguridad operacional,En tierra,"Accidente | SCF-NP (System/component failure or malfunction (No Powerplant), F-POST (Fire/smoke Post-Impact) | Commercial Air Transport / Non-Scheduled / Air Ambulance | Río Grande, Tierra Del Fuego, Antártida E Islas Del Atlántico Sur",,LV-BPA,,,,,,-53.78055,-67.7625,0,0,Critico,F-POST|SCF-NP,F-POST|SCF-NP,,tabla_jst_event_code_mapping,jst_event_code_mapping.csv
JST-RAW-68409960-22,2022-07-05T18:45:00,,,Batan,Buenos Aires,SCF-NP (System/component failure or malfunction (No Powerplant),Tecnico,En vuelo,"Accidente | SCF-NP (System/component failure or malfunction (No Powerplant) | Non-Commercial Operations / Pleasure / Otros | Batan, Buenos Aires",,LV-JHQ,,,,,,-38.01166,-57.6775,0,0,Alto,SCF-NP,SCF-NP,,tabla_jst_event_code_mapping,jst_event_code_mapping.csv
JST-RAW-72420628-22,2022-07-14T16:00:00,,,Coronel Olmedo,Cordoba,SCF-NP (System/component failure or malfunction (No Powerplant),Tecnico,En vuelo,"Incidente | SCF-NP (System/component failure or malfunction (No Powerplant) | Non-Commercial Operations / Flight Training/Instructional / Acrobatics | Coronel Olmedo, Cordoba",,LV-AST,,,,,,-31.45166,-64.075,0,0,Alto,SCF-NP,SCF-NP,,tabla_jst_event_code_mapping,jst_event_code_mapping.csv
JST-RAW-75889825-22,2022-07-22T20:00:00,,,General Rodriguez,Buenos Aires,UNK (Unknown o undetermined),Operacion,En vuelo,"Accidente | UNK (Unknown o undetermined) | Non-Commercial Operations / Pleasure / Local | General Rodriguez, Buenos Aires",,LV-WMB,,,,,,-34.68861,-58.955,0,0,Bajo,UNK,UNK,,tabla_jst_event_code_mapping,jst_event_code_mapping.csv
JST-RAW-90042303-23,2022-07-26T21:30:00,,,Trinidad,Casanare,Accidente,Operacion,Maniobra a baja altura,"Accidente | Specialised Operations / Aerial Work / Agricultural | Trinidad, Casanare",,HK1207,,,,,,5.409166,-71.66111,0,0,Alto,,,,heuristica_textual,jst_event_code_mapping.csv
JST-RAW-95708560-24,2022-07-29T16:00:00,,,Cordoba,Cordoba,MED (Medical),Operacion,En vuelo,"Incidente grave | MED (Medical) | Commercial Air Transport / Non-Scheduled / Airline (domestic) | Cordoba, Cordoba",,LV-IVN,,,,,,-31.31,-64.20833,0,0,Medio,MED,MED,,tabla_jst_event_code_mapping,jst_event_code_mapping.csv
JST-RAW-82971366-22,2022-08-09T16:53:00,,,Santa Fe,Santa Fe,LOC-I (Loss of control - inflight),Operacion,En vuelo,"Accidente | LOC-I (Loss of control - inflight) | Non-Commercial Operations / Flight Training/Instructional / Other | Santa Fe, Santa Fe",,LV-NIG,,,,,,-33.34388,-62.05277,0,0,Critico,LOC-I,LOC-I,,tabla_jst_event_code_mapping,jst_event_code_mapping.csv
JST-RAW-83752541-22,2022-08-11T17:50:00,,,Coronel Olmedo,Buenos Aires,SCF-NP (System/component failure or malfunction (No Powerplant),Tecnico,En vuelo,"Accidente | SCF-NP (System/component failure or malfunction (No Powerplant) | Non-Commercial Operations / Flight Training/Instructional / Other | Coronel Olmedo, Buenos Aires",,LV-OOJ,,,,,,-31.45166,-64.075,0,0,Alto,SCF-NP,SCF-NP,,tabla_jst_event_code_mapping,jst_event_code_mapping.csv
JST-RAW-84997038-22,2022-08-13T20:10:00,,,Malargue,Mendoza,ARC (Abnormal runway contact),Pista,Aterrizaje,"Incidente | ARC (Abnormal runway contact) | Non-Commercial Operations / Flight Training/Instructional / Other | Malargue, Mendoza",,LV-CHY,,,,,,-35.49361,-69.57472,0,0,Alto,ARC,ARC,,tabla_jst_event_code_mapping,jst_event_code_mapping.csv
JST-RAW-84927571-22,2022-08-15T15:25:00,,,Morón,Buenos Aires,GCOL (Ground Collision),Operacion,Rodaje,"Incidente | GCOL (Ground Collision) | Non-Commercial Operations / Flight Training/Instructional / Other | Morón, Buenos Aires",,LV-CRR,,,,,,-34.67916,-58.64361,0,0,Alto,GCOL,GCOL,,tabla_jst_event_code_mapping,jst_event_code_mapping.csv
JST-RAW-87179955-22,2022-08-20T21:50:00,,,Rosario de la Frontera,Salta,"ARC (Abnormal runway contact), SCF-NP (System/component failure or malfunction (No Powerplant)",Pista,Aterrizaje,"Accidente | ARC (Abnormal runway contact), SCF-NP (System/component failure or malfunction (No Powerplant) | Non-Commercial Operations / Flight Training/Instructional / Other | Rosario de la Frontera, Salta",,LV-LFM,,,,,,-25.82611,-64.96305,0,0,Alto,ARC|SCF-NP,ARC|SCF-NP,,tabla_jst_event_code_mapping,jst_event_code_mapping.csv
JST-RAW-31587410-24,2022-08-25T15:45:00,,,San Pedro,Buenos Aires,LALT (Low altitude operations),Operacion,Maniobra a baja altura,"Accidente | LALT (Low altitude operations) | Non-Commercial Operations / Flight Training/Instructional / Other | San Pedro, Buenos Aires",,LV-JWI,,,,,,-33.52361,-59.72694,0,0,Alto,LALT,LALT,,tabla_jst_event_code_mapping,jst_event_code_mapping.csv
JST-RAW-103748642-22,2022-09-03T12:00:00,,,Ushuaia,Antártida E Islas Del Atlántico Sur,RE (Runway Excursion),Pista,Aterrizaje,"Incidente | RE (Runway Excursion) | Commercial Air Transport / Scheduled / Airline (domestic) | Ushuaia, Tierra Del Fuego, Antártida E Islas Del Atlántico Sur",,LV-GKP,,,,,,-54.83955,-68.31443,0,0,Alto,RE,RE,,tabla_jst_event_code_mapping,jst_event_code_mapping.csv
JST-RAW-94709410-22,2022-09-07T16:45:00,,,Morón,Buenos Aires,F-NI (Fire/smoke non-impact),Seguridad operacional,En vuelo,"Incidente | F-NI (Fire/smoke non-impact) | Non-Commercial Operations / Flight Training/Instructional / Other | Morón, Buenos Aires",,LV-CGD,,,,,,-34.67916,-58.64277,0,0,Alto,F-NI,F-NI,,tabla_jst_event_code_mapping,jst_event_code_mapping.csv
JST-RAW-96387208-22,2022-09-10T16:24:00,,,Laguna Larga,Cordoba,SCF-PP (Powerplant failure or malfunction),Tecnico,Ascenso inicial,"Incidente | SCF-PP (Powerplant failure or malfunction) | Non-Commercial Operations / Pleasure / Local | Laguna Larga, Cordoba",,LV-FZI,,,,,,-31.89277,-63.97416,0,0,Alto,SCF-PP,SCF-PP,,tabla_jst_event_code_mapping,jst_event_code_mapping.csv
JST-RAW-96407094-22,2022-09-11T19:45:00,,,Villa Maria,Cordoba,GCOL (Ground Collision),Operacion,Rodaje,"Incidente | GCOL (Ground Collision) | Non-Commercial Operations / Pleasure / Local, Non-Commercial Operations / Pleasure / Local | Villa Maria, Cordoba",,"LV-HBR, LV-IWD",,,,,,-32.32666,-63.22833,0,0,Alto,GCOL,GCOL,,tabla_jst_event_code_mapping,jst_event_code_mapping.csv
JST-RAW-100639940-22,2022-09-20T12:00:00,,,Apóstoles,Misiones,Accidente,Operacion,En vuelo,"Accidente | Non-Commercial Operations / Relocation / Delivery | Apóstoles, Misiones",,LV-BCJ,,,,,,-27.90333,-55.76555,0,0,Alto,,,,heuristica_textual,jst_event_code_mapping.csv
JST-RAW-19229436-24,2022-09-22T15:50:00,,,Puerta de Ávalos,Jujuy,SCF-NP (System/component failure or malfunction (No Powerplant),Tecnico,En vuelo,"Accidente | SCF-NP (System/component failure or malfunction (No Powerplant) | Non-Commercial Operations / Pleasure / Local | Puerta de Ávalos, Jujuy",,LV-OIB,,,,,,-24.31444,-64.24694,0,0,Alto,SCF-NP,SCF-NP,,tabla_jst_event_code_mapping,jst_event_code_mapping.csv
JST-RAW-101897044-22,2022-09-25T21:10:00,,,Morteros,Cordoba,SCF-NP (System/component failure or malfunction (No Powerplant),Tecnico,En vuelo,"Accidente | SCF-NP (System/component failure or malfunction (No Powerplant) | Non-Commercial Operations / Pleasure / Local | Morteros, Cordoba",,LV-JED,,,,,,-30.40611,-62.18055,0,0,Alto,SCF-NP,SCF-NP,,tabla_jst_event_code_mapping,jst_event_code_mapping.csv
JST-RAW-26650812-24,2022-10-12T21:20:00,,,Jesús María,Cordoba,UNK (Unknown o undetermined),Operacion,En vuelo,"Accidente | UNK (Unknown o undetermined) | Unknown / Unknown / Se desconoce | Jesús María, Cordoba",,S/M,,,,,,-30.98444,-64.0725,0,0,Bajo,UNK,UNK,,tabla_jst_event_code_mapping,jst_event_code_mapping.csv
JST-RAW-110785529-22,2022-10-16T19:20:00,,,Morón,Buenos Aires,"SCF-NP (System/component failure or malfunction (No Powerplant), RE (Runway Excursion)",Pista,Aterrizaje,"Accidente | SCF-NP (System/component failure or malfunction (No Powerplant), RE (Runway Excursion) | Non-Commercial Operations / Pleasure / Otros | Morón, Buenos Aires",,LV-S114,,,,,,-34.67583,-58.64194,0,0,Alto,RE|SCF-NP,RE|SCF-NP,,tabla_jst_event_code_mapping,jst_event_code_mapping.csv
JST-RAW-113211779-22,2022-10-23T14:50:00,,,Mercedes,Buenos Aires,LOC-I (Loss of control - inflight),Operacion,En vuelo,"Accidente | LOC-I (Loss of control - inflight) | Non-Commercial Operations / Pleasure / Otros | Mercedes, Buenos Aires",,LV-IUG,,,,,,-34.63611,-59.45888,0,0,Critico,LOC-I,LOC-I,,tabla_jst_event_code_mapping,jst_event_code_mapping.csv
JST-RAW-115512320-22,2022-10-28T01:20:00,,,Ministro Pistarini -Ezeiza (SAEZ),Buenos Aires,SCF-PP (Powerplant failure or malfunction),Tecnico,Ascenso inicial,"Incidente grave | SCF-PP (Powerplant failure or malfunction) | Commercial Air Transport / Non-Scheduled / Airline (internacional) | Ministro Pistarini -Ezeiza (SAEZ), Buenos Aires",,N-765AN,,,,,,-34.82222,-58.53583,0,0,Alto,SCF-PP,SCF-PP,,tabla_jst_event_code_mapping,jst_event_code_mapping.csv
JST-RAW-110420253-24,2022-10-28T20:50:00,,,La Plata,Buenos Aires,SCF-NP (System/component failure or malfunction (No Powerplant),Tecnico,En vuelo,"Accidente | SCF-NP (System/component failure or malfunction (No Powerplant) | Non-Commercial Operations / Pleasure / Otros | La Plata, Buenos Aires",,LV-JJJ,,,,,,-34.96888,-57.89277,0,0,Alto,SCF-NP,SCF-NP,,tabla_jst_event_code_mapping,jst_event_code_mapping.csv
JST-RAW-119495543-22,2022-11-05T21:40:00,,,Bragado,Buenos Aires,LALT (Low altitude operations),Operacion,Maniobra a baja altura,"Accidente | LALT (Low altitude operations) | Non-Commercial Operations / Demostration / Demostration | Bragado, Buenos Aires",,LV-NRY,,,,,,-35.14555,-60.48,0,0,Alto,LALT,LALT,,tabla_jst_event_code_mapping,jst_event_code_mapping.csv
JST-RAW-126759547-22,2022-11-19T20:20:00,,,Batan,Buenos Aires,ARC (Abnormal runway contact),Pista,Aterrizaje,"Accidente | ARC (Abnormal runway contact) | Non-Commercial Operations / Flight Training/Instructional / Other | Batan, Buenos Aires",,LV-FCB,,,,,,-38.01305,-57.67944,0,0,Alto,ARC,ARC,,tabla_jst_event_code_mapping,jst_event_code_mapping.csv
JST-RAW-126729449-22,2022-11-19T22:10:00,,,Coronel Vidal,Buenos Aires,CTOL (Collision with obstacle during take-off and landing),Operacion,Despegue,"Accidente | CTOL (Collision with obstacle during take-off and landing) | Non-Commercial Operations / Flight Training/Instructional / Other | Coronel Vidal, Buenos Aires",,LV-IKS,,,,,,-37.47138,-57.75861,0,0,Critico,CTOL,CTOL,,tabla_jst_event_code_mapping,jst_event_code_mapping.csv
JST-RAW-128134522-22,2022-11-25T18:57:00,,,General Rodríguez,Buenos Aires,"ARC (Abnormal runway contact), SCF-NP (System/component failure or malfunction (No Powerplant)",Pista,Aterrizaje,"Accidente | ARC (Abnormal runway contact), SCF-NP (System/component failure or malfunction (No Powerplant) | Non-Commercial Operations / Flight Training/Instructional / Other | General Rodríguez, Buenos Aires",,LV-BRF,,,,,,-34.67694,-59.03361,0,0,Alto,ARC|SCF-NP,ARC|SCF-NP,,tabla_jst_event_code_mapping,jst_event_code_mapping.csv
JST-RAW-131057791-22,2022-12-01T19:55:00,,,Aeroparque Jorge Newbery (SABE),Buenos Aires,GCOL (Ground Collision),Operacion,Rodaje,"Incidente | GCOL (Ground Collision) | Commercial Air Transport / Scheduled / Airline (internacional) | Aeroparque Jorge Newbery (SABE), Buenos Aires",,PR-MHU,,,,,,-34.55888,-58.41638,0,0,Alto,GCOL,GCOL,,tabla_jst_event_code_mapping,jst_event_code_mapping.csv
JST-RAW-132437620-22,2022-12-03T11:00:00,,,Lima,Buenos Aires,"SCF-PP (Powerplant failure or malfunction), LALT (Low altitude operations)",Tecnico,Ascenso inicial,"Accidente | SCF-PP (Powerplant failure or malfunction), LALT (Low altitude operations) | Specialised Operations / Aerial Work / Agricultural | Lima, Buenos Aires",,LV-OGR,,,,,,-33.93416,-59.27972,0,0,Critico,LALT|SCF-PP,LALT|SCF-PP,,tabla_jst_event_code_mapping,jst_event_code_mapping.csv
JST-RAW-136178585-22,2022-12-05T17:20:00,,,PONTA GROSSA,Paraná,SCF-PP (Powerplant failure or malfunction),Tecnico,Ascenso inicial,"Accidente | SCF-PP (Powerplant failure or malfunction) | Non-Commercial Operations / Flight Training/Instructional / Solo (supervised) | PONTA GROSSA, Paraná",,PT-WBH,,,,,,-25.178,-50.132,0,0,Alto,SCF-PP,SCF-PP,,tabla_jst_event_code_mapping,jst_event_code_mapping.csv
JST-RAW-133386874-22,2022-12-11T13:00:00,,,Aeroparque Jorge Newbery (SABE),Buenos Aires,GCOL (Ground Collision),Operacion,Rodaje,"Incidente | GCOL (Ground Collision) | Commercial Air Transport / Non-Scheduled / Airline (internacional), Unknown / Unknown / Se desconoce | Aeroparque Jorge Newbery (SABE), Buenos Aires",,"N244JE, TC53",,,,,,-34.56555,-58.4075,0,0,Alto,GCOL,GCOL,,tabla_jst_event_code_mapping,jst_event_code_mapping.csv
JST-RAW-196643-23,2022-12-30T22:05:00,,,La Cumbre,Cordoba,SCF-PP (Powerplant failure or malfunction),Tecnico,Ascenso inicial,"Accidente | SCF-PP (Powerplant failure or malfunction) | Non-Commercial Operations / Pleasure / Otros | La Cumbre, Cordoba",,LV-X431,,,,,,-31.016111,-64.520278,0,0,Alto,SCF-PP,SCF-PP,,tabla_jst_event_code_mapping,jst_event_code_mapping.csv
JST-RAW-12284361-23,2023-01-17T12:15:00,,,Cajati,San Pablo,LOC-I (Loss of control - inflight),Operacion,En vuelo,"Accidente | LOC-I (Loss of control - inflight) | Specialised Operations / Aerial Work / Agricultural | Cajati, San Pablo",,PT-XLS,,,,,,-24.714,-48.2,0,0,Critico,LOC-I,LOC-I,,tabla_jst_event_code_mapping,jst_event_code_mapping.csv
JST-RAW-11925282-23,2023-01-31T21:50:00,,,Achiras,Cordoba,LALT (Low altitude operations),Operacion,Maniobra a baja altura,"Accidente | LALT (Low altitude operations) | Specialised Operations / Aerial Work / Agricultural | Achiras, Cordoba",,LV-CVU,,,,,,-33.179722,-64.989167,0,0,Critico,LALT,LALT,,tabla_jst_event_code_mapping,jst_event_code_mapping.csv
JST-RAW-12246865-23,2023-02-02T12:00:00,,,Posadas Gral José de San Martín (SARP),Misiones,"SCF-NP (System/component failure or malfunction (No Powerplant), RE (Runway Excursion)",Pista,Aterrizaje,"Incidente | SCF-NP (System/component failure or malfunction (No Powerplant), RE (Runway Excursion) | Commercial Air Transport / Non-Scheduled / Air Ambulance | Posadas Gral José de San Martín (SARP), Misiones",,LV-JJQ,,,,,,-27.391389,-55.970552,0,0,Alto,RE|SCF-NP,RE|SCF-NP,,tabla_jst_event_code_mapping,jst_event_code_mapping.csv
JST-RAW-12810042-23,2023-02-03T00:00:00,,,San Fernando,Buenos Aires,RE (Runway Excursion),Pista,Aterrizaje,"Incidente grave | RE (Runway Excursion) | Commercial Air Transport / Non-Scheduled / Airline (domestic) | San Fernando, Buenos Aires",,LV-FVZ,,,,,,-34.453249,-58.5895,0,0,Alto,RE,RE,,tabla_jst_event_code_mapping,jst_event_code_mapping.csv
JST-RAW-13695767-23,2023-02-05T15:00:00,,,Buena Esperanza,San Luis,"SCF-PP (Powerplant failure or malfunction), LALT (Low altitude operations)",Tecnico,Ascenso inicial,"Accidente | SCF-PP (Powerplant failure or malfunction), LALT (Low altitude operations) | Unknown / Unknown / Se desconoce | Buena Esperanza, San Luis",,LV-HIK,,,,,,-34.58888,-65.03833,0,0,Alto,LALT|SCF-PP,LALT|SCF-PP,,tabla_jst_event_code_mapping,jst_event_code_mapping.csv
JST-RAW-24070713-23,2023-03-04T22:30:00,,,Club Planeadores Trenque Lauquen,Buenos Aires,"AMAN (Abrupt Maneuvre), LOC-I (Loss of control - inflight)",Operacion,En vuelo,"Accidente | AMAN (Abrupt Maneuvre), LOC-I (Loss of control - inflight) | Non-Commercial Operations / Flight Training/Instructional / Acrobatics | Club Planeadores Trenque Lauquen, Buenos Aires",,LV-X768,,,,,,-36.01416,-62.69222,0,0,Critico,AMAN|LOC-I,AMAN|LOC-I,,tabla_jst_event_code_mapping,jst_event_code_mapping.csv
JST-RAW-25829777-23,2023-03-08T14:15:00,,,Cafayate,Salta,"ARC (Abnormal runway contact), LOC-G (Loss of control -ground)",Pista,Aterrizaje,"Accidente | ARC (Abnormal runway contact), LOC-G (Loss of control -ground) | Non-Commercial Operations / Pleasure / Local | Cafayate, Salta",,LV-MFM,,,,,,-26.05555,-65.93694,0,0,Alto,ARC|LOC-G,ARC|LOC-G,,tabla_jst_event_code_mapping,jst_event_code_mapping.csv
JST-RAW-27153213-23,2023-03-10T23:00:00,,,Mendoza,Mendoza,RE (Runway Excursion),Pista,Aterrizaje,"Incidente | RE (Runway Excursion) | Non-Commercial Operations / Flight Training/Instructional / Other | Mendoza, Mendoza",,LV-S132,,,,,,-34.76111,-68.36138,0,0,Alto,RE,RE,,tabla_jst_event_code_mapping,jst_event_code_mapping.csv
JST-RAW-22616761-24,2023-03-16T01:10:00,,,Esquina,Corrientes,SCF-NP (System/component failure or malfunction (No Powerplant),Tecnico,En vuelo,"Incidente | SCF-NP (System/component failure or malfunction (No Powerplant) | Specialised Operations / Aerial Work / Other | Esquina, Corrientes",,LV-WJO,,,,,,-29.66666,-58.88333,0,0,Alto,SCF-NP,SCF-NP,,tabla_jst_event_code_mapping,jst_event_code_mapping.csv
JST-RAW-44726864-25,2023-03-18T14:33:00,,,La Plata,Buenos Aires,SCF-PP (Powerplant failure or malfunction),Tecnico,Ascenso inicial,"Accidente | SCF-PP (Powerplant failure or malfunction) | Non-Commercial Operations / Flight Training/Instructional / Other | La Plata, Buenos Aires",,AR-VNT-798,,,,,,-34.96333,-57.8925,0,0,Alto,SCF-PP,SCF-PP,,tabla_jst_event_code_mapping,jst_event_code_mapping.csv
JST-RAW-22620434-24,2023-03-30T11:30:00,,,Posadas Gral José de San Martín (SARP),Misiones,SCF-NP (System/component failure or malfunction (No Powerplant),Tecnico,En vuelo,"Incidente | SCF-NP (System/component failure or malfunction (No Powerplant) | Commercial Air Transport / Scheduled / Airline (domestic) | Posadas Gral José de San Martín (SARP), Misiones",,LV-KAH,,,,,,-27.385,-55.97,0,0,Alto,SCF-NP,SCF-NP,,tabla_jst_event_code_mapping,jst_event_code_mapping.csv
JST-RAW-37023615-23,2023-04-03T18:20:00,,,Ezpeleta,Buenos Aires,LOC-I (Loss of control - inflight),Operacion,En vuelo,"Accidente | LOC-I (Loss of control - inflight) | Non-Commercial Operations / Test Flight / Post Maintenance Functional Check Flight | Ezpeleta, Buenos Aires",,LV-X695,,,,,,-34.74361,-58.20666,0,0,Critico,LOC-I,LOC-I,,tabla_jst_event_code_mapping,jst_event_code_mapping.csv
JST-RAW-39839692-23,2023-04-10T18:10:00,,,2882 EL Guri,Cordoba,ARC (Abnormal runway contact),Pista,Aterrizaje,"Accidente | ARC (Abnormal runway contact) | Non-Commercial Operations / Bussiness / Bussiness | 2882 EL Guri, Cordoba",,LV-KGT,,,,,,-29.9225,-63.55833,0,0,Alto,ARC,ARC,,tabla_jst_event_code_mapping,jst_event_code_mapping.csv
JST-RAW-42044921-23,2023-04-15T20:00:00,,,Gualeguay,Entre Rios,LALT (Low altitude operations),Operacion,Maniobra a baja altura,"Accidente | LALT (Low altitude operations) | Specialised Operations / Aerial Work / Agricultural | Gualeguay, Entre Rios",,LV-OHT,,,,,,-33.18416,-59.44,0,0,Critico,LALT,LALT,,tabla_jst_event_code_mapping,jst_event_code_mapping.csv
JST-RAW-45501611-23,2023-04-21T13:10:00,,,Gral. M. M. de Guemes (SASA),Salta,SCF-NP (System/component failure or malfunction (No Powerplant),Tecnico,En vuelo,"Accidente | SCF-NP (System/component failure or malfunction (No Powerplant) | Commercial Air Transport / Non-Scheduled / Airline (domestic) | Gral. M. M. de Guemes (SASA), Salta",,LV-WPM,,,,,,-24.85972,-65.48861,0,0,Alto,SCF-NP,SCF-NP,,tabla_jst_event_code_mapping,jst_event_code_mapping.csv
JST-RAW-01477104-25,2023-04-28T14:25:00,,,Metán,Salta,LOC-I (Loss of control - inflight),Operacion,En vuelo,"Accidente | LOC-I (Loss of control - inflight) | Non-Commercial Operations / Flight Training/Instructional / Other | Metán, Salta",,LV-X676,,,,,,-25.52166,-64.9725,0,0,Critico,LOC-I,LOC-I,,tabla_jst_event_code_mapping,jst_event_code_mapping.csv
JST-RAW-48952747-23,2023-04-29T21:30:00,,,La Cumbre,Cordoba,SCF-PP (Powerplant failure or malfunction),Tecnico,Ascenso inicial,"Incidente | SCF-PP (Powerplant failure or malfunction) | Non-Commercial Operations / Pleasure / Local | La Cumbre, Cordoba",,LV-X647,,,,,,-30.99805,-64.53583,0,0,Alto,SCF-PP,SCF-PP,,tabla_jst_event_code_mapping,jst_event_code_mapping.csv
JST-RAW-50323535-23,2023-05-03T16:00:00,,,General Rodriguez,Buenos Aires,SCF-PP (Powerplant failure or malfunction),Tecnico,Ascenso inicial,"Incidente | SCF-PP (Powerplant failure or malfunction) | Non-Commercial Operations / Pleasure / Otros | General Rodriguez, Buenos Aires",,LV-CMN,,,,,,-34.74111,-59.00388,0,0,Alto,SCF-PP,SCF-PP,,tabla_jst_event_code_mapping,jst_event_code_mapping.csv
JST-RAW-98933552-23,2023-05-04T19:05:00,,,Aeródromo Privado Chacras del Faro,Chubut,RE (Runway Excursion),Pista,Aterrizaje,"Accidente | RE (Runway Excursion) | Non-Commercial Operations / Flight Training/Instructional / Other | Aeródromo Privado Chacras del Faro, Chubut",,LV-LDR,,,,,,-45.77833,-67.37361,0,0,Alto,RE,RE,,tabla_jst_event_code_mapping,jst_event_code_mapping.csv
JST-RAW-51598653-23,2023-05-06T14:00:00,,,San José,Cordoba,"SCF-NP (System/component failure or malfunction (No Powerplant), RE (Runway Excursion)",Pista,Aterrizaje,"Accidente | SCF-NP (System/component failure or malfunction (No Powerplant), RE (Runway Excursion) | Specialised Operations / Aerial Work / Agricultural | San José, Cordoba",,LV-MNB,,,,,,-31.95222,-65.38138,0,0,Alto,RE|SCF-NP,RE|SCF-NP,,tabla_jst_event_code_mapping,jst_event_code_mapping.csv
JST-RAW-51597322-23,2023-05-06T18:00:00,,,Allen,Rio Negro,LALT (Low altitude operations),Operacion,Maniobra a baja altura,"Accidente | LALT (Low altitude operations) | Non-Commercial Operations / Demostration / Demostration | Allen, Rio Negro",,LV-X722,,,,,,-38.9575,-67.80611,0,0,Alto,LALT,LALT,,tabla_jst_event_code_mapping,jst_event_code_mapping.csv
JST-RAW-51844797-23,2023-05-07T20:30:00,,,Pigüé,Buenos Aires,LOC-I (Loss of control - inflight),Operacion,En vuelo,"Accidente | LOC-I (Loss of control - inflight) | Non-Commercial Operations / Flight Training/Instructional / Other | Pigüé, Buenos Aires",,LV-YHT,,,,,,-37.60611,-62.38194,0,0,Critico,LOC-I,LOC-I,,tabla_jst_event_code_mapping,jst_event_code_mapping.csv
JST-RAW-58462912-23,2023-05-12T18:38:00,,,San Fernando,Buenos Aires,"SCF-PP (Powerplant failure or malfunction), FUEL (Fuel related)",Tecnico,Ascenso inicial,"Incidente | SCF-PP (Powerplant failure or malfunction), FUEL (Fuel related) | Commercial Air Transport / Non-Scheduled / Air Ambulance | San Fernando, Buenos Aires",,LV-FUK,,,,,,-34.455,-58.59138,0,0,Alto,FUEL|SCF-PP,FUEL|SCF-PP,,tabla_jst_event_code_mapping,jst_event_code_mapping.csv
JST-RAW-58147231-23,2023-05-22T10:53:00,,,Ministro Pistarini -Ezeiza (SAEZ),Buenos Aires,SCF-NP (System/component failure or malfunction (No Powerplant),Tecnico,En vuelo,"Incidente | SCF-NP (System/component failure or malfunction (No Powerplant) | Commercial Air Transport / Scheduled / Airline (internacional) | Ministro Pistarini -Ezeiza (SAEZ), Buenos Aires",,N78008,,,,,,-34.81722,-58.53861,0,0,Alto,SCF-NP,SCF-NP,,tabla_jst_event_code_mapping,jst_event_code_mapping.csv
JST-RAW-67901159-23,2023-06-10T15:30:00,,,Isla Martin Garcia,Buenos Aires,"ARC (Abnormal runway contact), SCF-NP (System/component failure or malfunction (No Powerplant)",Pista,Aterrizaje,"Accidente | ARC (Abnormal runway contact), SCF-NP (System/component failure or malfunction (No Powerplant) | Non-Commercial Operations / Flight Training/Instructional / Other | Isla Martin Garcia, Buenos Aires",,LV-LPI,,,,,,-34.18222,-58.24972,0,0,Alto,ARC|SCF-NP,ARC|SCF-NP,,tabla_jst_event_code_mapping,jst_event_code_mapping.csv
JST-RAW-71384627-23,2023-06-11T20:30:00,,,General Villegas,Buenos Aires,ARC (Abnormal runway contact),Pista,Aterrizaje,"Accidente | ARC (Abnormal runway contact) | Non-Commercial Operations / Pleasure / Otros | General Villegas, Buenos Aires",,LV-LMG,,,,,,-34.97722,-61.02083,0,0,Alto,ARC,ARC,,tabla_jst_event_code_mapping,jst_event_code_mapping.csv
JST-RAW-70581035-23,2023-06-18T21:00:00,,,San Carlos de Bolívar,Buenos Aires,SCF-NP (System/component failure or malfunction (No Powerplant),Tecnico,En vuelo,"Accidente | SCF-NP (System/component failure or malfunction (No Powerplant) | Non-Commercial Operations / Pleasure / Local | San Carlos de Bolívar, Buenos Aires",,LV-KBH,,,,,,-36.24111,-61.14111,0,0,Alto,SCF-NP,SCF-NP,,tabla_jst_event_code_mapping,jst_event_code_mapping.csv
JST-RAW-74578608-23,2023-06-28T19:00:00,,,Gualeguay,Entre Rios,SCF-PP (Powerplant failure or malfunction),Tecnico,Ascenso inicial,"Accidente | SCF-PP (Powerplant failure or malfunction) | Non-Commercial Operations / Pleasure / Otros | Gualeguay, Entre Rios",,LV-JQA,,,,,,-33.31805,-59.96722,0,0,Alto,SCF-PP,SCF-PP,,tabla_jst_event_code_mapping,jst_event_code_mapping.csv
JST-RAW-75901059-23,2023-07-01T15:30:00,,,San Nicolás de Los Arroyos,Buenos Aires,ARC (Abnormal runway contact),Pista,Aterrizaje,"Accidente | ARC (Abnormal runway contact) | Non-Commercial Operations / Pleasure / Otros | San Nicolás de Los Arroyos, Buenos Aires",,LV-IAP,,,,,,-33.39083,-60.19527,0,0,Alto,ARC,ARC,,tabla_jst_event_code_mapping,jst_event_code_mapping.csv
JST-RAW-82756806-23,2023-07-14T17:00:00,,,Corrientes,Corrientes,GCOL (Ground Collision),Operacion,Rodaje,"Incidente | GCOL (Ground Collision) | Non-Commercial Operations / Pleasure / Otros, Commercial Air Transport / Scheduled / Airline (domestic) | Corrientes, Corrientes",,"LV-AXM, LV-KCE",,,,,,-27.445,-58.76166,0,0,Alto,GCOL,GCOL,,tabla_jst_event_code_mapping,jst_event_code_mapping.csv
JST-RAW-82761122-23,2023-07-15T19:00:00,,,Rio Tercero,Cordoba,GCOL (Ground Collision),Operacion,Rodaje,"Incidente | GCOL (Ground Collision) | Non-Commercial Operations / Pleasure / Otros | Rio Tercero, Cordoba",,LV-FQS,,,,,,-32.17277,-64.08833,0,0,Alto,GCOL,GCOL,,tabla_jst_event_code_mapping,jst_event_code_mapping.csv
JST-RAW-113231830-23,2023-08-01T19:30:00,,,Coronel Olmedo,Cordoba,SCF-NP (System/component failure or malfunction (No Powerplant),Tecnico,En vuelo,"Incidente grave | SCF-NP (System/component failure or malfunction (No Powerplant) | Non-Commercial Operations / Relocation / Ferry | Coronel Olmedo, Cordoba",,LV-KFP,,,,,,-31.48777,-64.14194,0,0,Alto,SCF-NP,SCF-NP,,tabla_jst_event_code_mapping,jst_event_code_mapping.csv
JST-RAW-90996017-23,2023-08-05T20:10:00,,,General Rodriguez,Buenos Aires,UNK (Unknown o undetermined),Operacion,En vuelo,"Accidente | UNK (Unknown o undetermined) | Non-Commercial Operations / Flight Training/Instructional / Dual | General Rodriguez, Buenos Aires",,LV-NRF,,,,,,-34.666,-59.042,0,0,Bajo,UNK,UNK,,tabla_jst_event_code_mapping,jst_event_code_mapping.csv
JST-RAW-91187464-23,2023-08-06T17:39:00,,,Bariloche,Rio Negro,SCF-NP (System/component failure or malfunction (No Powerplant),Tecnico,En vuelo,"Incidente | SCF-NP (System/component failure or malfunction (No Powerplant) | Commercial Air Transport / Non-Scheduled / Airline (internacional) | Bariloche, Rio Negro",,PP-CGG,,,,,,-41.151,-71.157,0,0,Alto,SCF-NP,SCF-NP,,tabla_jst_event_code_mapping,jst_event_code_mapping.csv
JST-RAW-91787267-23,2023-08-08T10:25:00,,,San Fernando,Buenos Aires,"SCF-NP (System/component failure or malfunction (No Powerplant), LOC-G (Loss of control -ground)",Tecnico,Rodaje,"Incidente | SCF-NP (System/component failure or malfunction (No Powerplant), LOC-G (Loss of control -ground) | Non-Commercial Operations / Relocation / Positioning | San Fernando, Buenos Aires",,LV-WDR,,,,,,-34.455,-58.583,0,0,Alto,LOC-G|SCF-NP,LOC-G|SCF-NP,,tabla_jst_event_code_mapping,jst_event_code_mapping.csv
JST-RAW-94451761-23,2023-08-14T12:50:00,,,Piquete Cabado,Salta,SCF-NP (System/component failure or malfunction (No Powerplant),Tecnico,En vuelo,"Accidente | SCF-NP (System/component failure or malfunction (No Powerplant) | Non-Commercial Operations / Relocation / Delivery | Piquete Cabado, Salta",,LV-FKN,,,,,,-24.806,-64.18,0,0,Alto,SCF-NP,SCF-NP,,tabla_jst_event_code_mapping,jst_event_code_mapping.csv
JST-RAW-30773082-25,2023-08-24T20:15:00,,,El Dorado,Misiones,FUEL (Fuel related),Tecnico,Ascenso inicial,"Accidente | FUEL (Fuel related) | Non-Commercial Operations / Flight Training/Instructional / Dual | El Dorado, Misiones",,LV-CLJ,,,,,,-26.396,-54.574,0,0,Alto,FUEL,FUEL,,tabla_jst_event_code_mapping,jst_event_code_mapping.csv
JST-RAW-100035130-23,2023-08-26T16:30:00,,,SALADILLO,Buenos Aires,"SCF-NP (System/component failure or malfunction (No Powerplant), RE (Runway Excursion)",Pista,Aterrizaje,"Accidente | SCF-NP (System/component failure or malfunction (No Powerplant), RE (Runway Excursion) | Non-Commercial Operations / Pleasure / Local | SALADILLO, Buenos Aires",,LV-S135,,,,,,-35.602,-59.817,0,0,Alto,RE|SCF-NP,RE|SCF-NP,,tabla_jst_event_code_mapping,jst_event_code_mapping.csv
JST-RAW-100899257-23,2023-08-29T15:50:00,,,Belen de Escobar,Buenos Aires,ARC (Abnormal runway contact),Pista,Aterrizaje,"Accidente | ARC (Abnormal runway contact) | Non-Commercial Operations / Flight Training/Instructional / Other | Belen de Escobar, Buenos Aires",,LV-HVZ,,,,,,-34.298,-58.798,0,0,Alto,ARC,ARC,,tabla_jst_event_code_mapping,jst_event_code_mapping.csv
JST-RAW-102007501-23,2023-08-30T18:20:00,,,Villa Gral. Belgrano,Cordoba,RE (Runway Excursion),Pista,Aterrizaje,"Incidente | RE (Runway Excursion) | Non-Commercial Operations / Flight Training/Instructional / Other | Villa Gral. Belgrano, Cordoba",,LV-GJJ,,,,,,-31.964,-64.564,0,0,Alto,RE,RE,,tabla_jst_event_code_mapping,jst_event_code_mapping.csv
JST-RAW-109789817-23,2023-09-16T17:45:00,,,Ministro Pistarini -Ezeiza (SAEZ),Buenos Aires,SCF-NP (System/component failure or malfunction (No Powerplant),Tecnico,En vuelo,"Incidente | SCF-NP (System/component failure or malfunction (No Powerplant) | Non-Commercial Operations / Pleasure / Otros | Ministro Pistarini -Ezeiza (SAEZ), Buenos Aires",,LV-JZQ,,,,,,-34.821,-58.535,0,0,Alto,SCF-NP,SCF-NP,,tabla_jst_event_code_mapping,jst_event_code_mapping.csv
JST-RAW-109799769-23,2023-09-17T12:30:00,,,San Luis,San Luis,"F-POST (Fire/smoke Post-Impact), LOC-I (Loss of control - inflight)",Seguridad operacional,En tierra,"Accidente | F-POST (Fire/smoke Post-Impact), LOC-I (Loss of control - inflight) | Non-Commercial Operations / Pleasure / Otros | San Luis, San Luis",,LV-GLQ,,,,,,-33.275,-66.35,0,0,Critico,F-POST|LOC-I,F-POST|LOC-I,,tabla_jst_event_code_mapping,jst_event_code_mapping.csv
JST-RAW-112416337-23,2023-09-21T19:30:00,,,Buenos Aires,Buenos Aires,LOC-G (Loss of control -ground),Operacion,Rodaje,"Accidente | LOC-G (Loss of control -ground) | Non-Commercial Operations / Flight Training/Instructional / Dual | Buenos Aires, Buenos Aires",,LV-ZMN,,,,,,-35.638,-60.461,0,0,Alto,LOC-G,LOC-G,,tabla_jst_event_code_mapping,jst_event_code_mapping.csv
JST-RAW-113031542-23,2023-09-23T20:20:00,,,San Fernando,Buenos Aires,LOC-G (Loss of control -ground),Operacion,Rodaje,"Incidente | LOC-G (Loss of control -ground) | Non-Commercial Operations / Pleasure / Otros | San Fernando, Buenos Aires",,LV-COV,,,,,,-34.455,-58.591,0,0,Alto,LOC-G,LOC-G,,tabla_jst_event_code_mapping,jst_event_code_mapping.csv
JST-RAW-114756085-23,2023-09-27T00:00:00,,,Islas Malvinas - Rosario (SAAR),Santa Fe,"ARC (Abnormal runway contact), SCF-PP (Powerplant failure or malfunction)",Pista,Ascenso inicial,"Accidente | ARC (Abnormal runway contact), SCF-PP (Powerplant failure or malfunction) | Non-Commercial Operations / Flight Training/Instructional / Dual | Islas Malvinas - Rosario (SAAR), Santa Fe",,LV-ONS,,,,,,-32.903,-60.784,0,0,Alto,ARC|SCF-PP,ARC|SCF-PP,,tabla_jst_event_code_mapping,jst_event_code_mapping.csv
JST-RAW-115025976-23,2023-09-27T21:00:00,,,San Cayetano,Buenos Aires,LALT (Low altitude operations),Operacion,Maniobra a baja altura,"Accidente | LALT (Low altitude operations) | Non-Commercial Operations / Test Flight / Post Maintenance Functional Check Flight | San Cayetano, Buenos Aires",,LV-OHU,,,,,,-38.323,-59.427,0,0,Alto,LALT,LALT,,tabla_jst_event_code_mapping,jst_event_code_mapping.csv
JST-RAW-118708414-23,2023-09-30T21:45:00,,,Rivadavia,Mendoza,SCF-PP (Powerplant failure or malfunction),Tecnico,Ascenso inicial,"Incidente | SCF-PP (Powerplant failure or malfunction) | Non-Commercial Operations / Pleasure / Local | Rivadavia, Mendoza",,LV-UX079,,,,,,-33.226,-68.489,0,0,Alto,SCF-PP,SCF-PP,,tabla_jst_event_code_mapping,jst_event_code_mapping.csv
JST-RAW-119797612-23,2023-10-05T08:40:00,,,Ministro Pistarini -Ezeiza (SAEZ),Buenos Aires,SCF-PP (Powerplant failure or malfunction),Tecnico,Ascenso inicial,"Incidente | SCF-PP (Powerplant failure or malfunction) | Commercial Air Transport / Scheduled / Airline (domestic) | Ministro Pistarini -Ezeiza (SAEZ), Buenos Aires",,LV-KHO,,,,,,-34.559,-58.415,0,0,Alto,SCF-PP,SCF-PP,,tabla_jst_event_code_mapping,jst_event_code_mapping.csv
JST-RAW-1740669-24,2023-10-08T21:40:00,,,Chascomus,Buenos Aires,FUEL (Fuel related),Tecnico,Ascenso inicial,"Incidente | FUEL (Fuel related) | Specialised Operations / Aerial Work / Parachute drop | Chascomus, Buenos Aires",,LV-GYC,,,,,,-35.542,-58.051,0,0,Alto,FUEL,FUEL,,tabla_jst_event_code_mapping,jst_event_code_mapping.csv
JST-RAW-134231883-23,2023-11-05T11:40:00,,,Ingeniero Taravella - Córdoba (SACO),Cordoba,"SCF-NP (System/component failure or malfunction (No Powerplant), FUEL (Fuel related)",Tecnico,Ascenso inicial,"Incidente | SCF-NP (System/component failure or malfunction (No Powerplant), FUEL (Fuel related) | Commercial Air Transport / Scheduled / Airline (domestic) | Ingeniero Taravella - Córdoba (SACO), Cordoba",,LV-GOO,,,,,,-31.31,-64.208,0,0,Alto,FUEL|SCF-NP,FUEL|SCF-NP,,tabla_jst_event_code_mapping,jst_event_code_mapping.csv
JST-RAW-151508998-23,2023-11-06T11:20:00,,,Las Heras,Mendoza,"LALT (Low altitude operations), LOC-I (Loss of control - inflight)",Operacion,Maniobra a baja altura,"Incidente | LALT (Low altitude operations), LOC-I (Loss of control - inflight) | Non-Commercial Operations / Pleasure / Otros | Las Heras, Mendoza",,LQ-BFB,,,,,,-32.772,-69.931,0,0,Critico,LALT|LOC-I,LALT|LOC-I,,tabla_jst_event_code_mapping,jst_event_code_mapping.csv
JST-RAW-134235328-23,2023-11-08T21:30:00,,,Casilda,Santa Fe,ARC (Abnormal runway contact),Pista,Aterrizaje,"Accidente | ARC (Abnormal runway contact) | Non-Commercial Operations / Flight Training/Instructional / Other | Casilda, Santa Fe",,LV-OLZ,,,,,,-33.065,-61.206,0,0,Alto,ARC,ARC,,tabla_jst_event_code_mapping,jst_event_code_mapping.csv
JST-RAW-135569176-23,2023-11-12T19:30:00,,,Villa Cañás,Santa Fe,LOC-I (Loss of control - inflight),Operacion,En vuelo,"Accidente | LOC-I (Loss of control - inflight) | Non-Commercial Operations / Demostration / Demostration | Villa Cañás, Santa Fe",,LV-X468,,,,,,-33.959,-61.626,0,0,Critico,LOC-I,LOC-I,,tabla_jst_event_code_mapping,jst_event_code_mapping.csv
JST-RAW-135571047-23,2023-11-13T23:15:00,,,Villa Ojo de Agua,Santiago Del Estero,ARC (Abnormal runway contact),Pista,Aterrizaje,"Incidente grave | ARC (Abnormal runway contact) | Non-Commercial Operations / Bussiness / Bussiness | Villa Ojo de Agua, Santiago Del Estero",,LQ-FKA,,,,,,-29.51,-63.696,0,0,Alto,ARC,ARC,,tabla_jst_event_code_mapping,jst_event_code_mapping.csv
JST-RAW-145768499-23,2023-11-22T13:40:00,,,Morón,Buenos Aires,F-NI (Fire/smoke non-impact),Seguridad operacional,En vuelo,"Incidente | F-NI (Fire/smoke non-impact) | Non-Commercial Operations / Flight Training/Instructional / Dual | Morón, Buenos Aires",,LV-S048,,,,,,-34.678,-58.643,0,0,Alto,F-NI,F-NI,,tabla_jst_event_code_mapping,jst_event_code_mapping.csv
JST-RAW-140796134-23,2023-11-26T21:30:00,,,Río Paraná,Buenos Aires,LALT (Low altitude operations),Operacion,Maniobra a baja altura,"Accidente | LALT (Low altitude operations) | Non-Commercial Operations / Pleasure / Otros | Río Paraná, altura Ramallo, Buenos Aires",,LV-FQJ,,,,,,-32.497,-59.973,0,0,Alto,LALT,LALT,,tabla_jst_event_code_mapping,jst_event_code_mapping.csv
JST-RAW-141422183-23,2023-11-27T22:52:00,,,General Rodríguez,Buenos Aires,ARC (Abnormal runway contact),Pista,Aterrizaje,"Accidente | ARC (Abnormal runway contact) | Non-Commercial Operations / Pleasure / Otros | General Rodríguez, Buenos Aires",,LV-X429,,,,,,-34.679,-59.034,0,0,Alto,ARC,ARC,,tabla_jst_event_code_mapping,jst_event_code_mapping.csv
JST-GODOY-20231128,2023-11-28T11:20:00,SAME,El Plumerillo,Godoy Cruz,Mendoza,Falla de motor,Tecnico,Ascenso inicial,Perdida de potencia por falla de motor despues del despegue y aterrizaje de emergencia en zona urbana de Godoy Cruz.,Tecnam P2002 Sierra,LV-S077,Instruccion,VMC,Dia,10.0,5.0,-32.8317,-68.7929,0,0,Alto,,,,,
JST-RAW-147824849-23,2023-12-12T12:00:00,,,Cordoba,Cordoba,SCF-PP (Powerplant failure or malfunction),Tecnico,Ascenso inicial,"Incidente | SCF-PP (Powerplant failure or malfunction) | Non-Commercial Operations / Flight Training/Instructional / Other | Cordoba, Cordoba",,LV-CGM,,,,,,-31.482,-64.182,0,0,Alto,SCF-PP,SCF-PP,,tabla_jst_event_code_mapping,jst_event_code_mapping.csv
JST-RAW-149632535-23,2023-12-16T10:20:00,,,Cutral-Co,Neuquen,"F-POST (Fire/smoke Post-Impact), LOC-I (Loss of control - inflight)",Seguridad operacional,En tierra,"Accidente | F-POST (Fire/smoke Post-Impact), LOC-I (Loss of control - inflight) | Non-Commercial Operations / Flight Training/Instructional / Dual | Cutral-Co, Neuquen",,LV-GHP,,,,,,-38.939,-69.265,0,0,Critico,F-POST|LOC-I,F-POST|LOC-I,,tabla_jst_event_code_mapping,jst_event_code_mapping.csv
JST-RAW-149872133-23,2023-12-17T06:32:00,,,Ministro Pistarini -Ezeiza (SAEZ),Buenos Aires,RAMP (Ground Handling),Seguridad operacional,En tierra,"Incidente | RAMP (Ground Handling) | Commercial Air Transport / Scheduled / Airline (internacional) | Ministro Pistarini -Ezeiza (SAEZ), Buenos Aires",,CC-BFR,,,,,,-34.822,-58.535,0,0,Medio,RAMP,RAMP,,tabla_jst_event_code_mapping,jst_event_code_mapping.csv
JST-RAW-152024017-23,2023-12-21T21:30:00,,,Lincoln,Buenos Aires,ARC (Abnormal runway contact),Pista,Aterrizaje,"Accidente | ARC (Abnormal runway contact) | Non-Commercial Operations / Pleasure / Local | Lincoln, Buenos Aires",,LV-OMR,,,,,,-34.957,-61.531,0,0,Alto,ARC,ARC,,tabla_jst_event_code_mapping,jst_event_code_mapping.csv
JST-RAW-152814990-23,2023-12-23T22:27:00,,,San Fernando,Buenos Aires,BIRD (Birdstrike),Fauna,Ascenso inicial,"Incidente | BIRD (Birdstrike) | Commercial Air Transport / Non-Scheduled / Airline (domestic) | San Fernando, Buenos Aires",,LV-GOM,,,,,,-34.455,-58.591,0,0,Alto,BIRD,BIRD,,tabla_jst_event_code_mapping,jst_event_code_mapping.csv
JST-RAW-153681384-23,2023-12-27T21:20:00,,,Ranchos,Buenos Aires,RE (Runway Excursion),Pista,Aterrizaje,"Accidente | RE (Runway Excursion) | Non-Commercial Operations / Flight Training/Instructional / Dual | Ranchos, Buenos Aires",,LV-OMI,,,,,,-35.57,-58.438,0,0,Alto,RE,RE,,tabla_jst_event_code_mapping,jst_event_code_mapping.csv
JST-RAW-153827561-23,2023-12-28T14:00:00,,,Villa Rumipal,Cordoba,SCF-PP (Powerplant failure or malfunction),Tecnico,Ascenso inicial,"Accidente | SCF-PP (Powerplant failure or malfunction) | Non-Commercial Operations / Pleasure / Local | Villa Rumipal, Cordoba",,LV-FQS,,,,,,-32.168,-64.496,0,0,Alto,SCF-PP,SCF-PP,,tabla_jst_event_code_mapping,jst_event_code_mapping.csv
JST-RAW-00404649-24,2023-12-30T11:40:00,,,Chascomus,Buenos Aires,SCF-PP (Powerplant failure or malfunction),Tecnico,Ascenso inicial,"Accidente | SCF-PP (Powerplant failure or malfunction) | Non-Commercial Operations / Flight Training/Instructional / Solo (supervised) | Chascomus, Buenos Aires",,LV-GSL,,,,,,-35.536,-58.063,0,0,Alto,SCF-PP,SCF-PP,,tabla_jst_event_code_mapping,jst_event_code_mapping.csv
JST-RAW-02351754-24,2024-01-06T01:00:00,,,Río Cuarto - (SAOC),Cordoba,"WILD (Collision Wildlife), BIRD (Birdstrike)",Fauna,Ascenso inicial,"Incidente | WILD (Collision Wildlife), BIRD (Birdstrike) | Commercial Air Transport / Scheduled / Airline (domestic) | Río Cuarto - (SAOC), Cordoba",,LV-CHQ,,,,,,-33.092,-64.269,0,0,Alto,BIRD|WILD,BIRD|WILD,,tabla_jst_event_code_mapping,jst_event_code_mapping.csv
JST-RAW-2048401-24,2024-01-06T01:28:00,,,Astor Piazolla (SAZM - MDQ),Buenos Aires,ARC (Abnormal runway contact),Pista,Aterrizaje,"Accidente | ARC (Abnormal runway contact) | Commercial Air Transport / Scheduled / Airline (domestic) | Astor Piazolla (SAZM - MDQ), Buenos Aires",,LV-KJE,,,,,,-37.934,-57.573,0,0,Alto,ARC,ARC,,tabla_jst_event_code_mapping,jst_event_code_mapping.csv
JST-RAW-3355492-24,2024-01-10T12:55:00,,,Ezpeleta,Buenos Aires,"ARC (Abnormal runway contact), LOC-I (Loss of control - inflight)",Pista,Aterrizaje,"Accidente | ARC (Abnormal runway contact), LOC-I (Loss of control - inflight) | Non-Commercial Operations / Flight Training/Instructional / Other | Ezpeleta, Buenos Aires",,LV-CUR,,,,,,-34.743,-58.203,0,0,Critico,ARC|LOC-I,ARC|LOC-I,,tabla_jst_event_code_mapping,jst_event_code_mapping.csv
JST-ESPERANZA-20240719,2024-07-19T16:10:00,SAAV,Sauce Viejo,Esperanza,Santa Fe,Impacto contra el terreno,Operacion,Maniobra a baja altura,Accidente de aeronave Sonerai II LS durante vuelo recreativo con maniobra acrobatica a baja altura e impacto contra el terreno.,Sonerai II LS,LV-X393,Experimental,VMC,Dia,10.0,6.0,-31.7117,-60.8117,0,2,Critico,,,,,
JST-SADF-20241218,2024-12-18T13:18:00,SADF,San Fernando,San Fernando,Buenos Aires,Accidente en aterrizaje,Operacion,Aterrizaje,Accidente de la aeronave Bombardier Challenger 300 en el Aeropuerto Internacional de San Fernando durante la fase final del vuelo.,Bombardier Challenger 300,LV-GOK,Ejecutiva,VMC,Dia,10.0,8.0,-34.4539,-58.5896,0,2,Critico,,,,,
MEDIA-AEP-EZE-20260216,2026-02-16T17:20:00,SABE,Aeroparque Jorge Newbery,Ciudad de Buenos Aires,CABA,Falla de motor,Operacion,Ascenso inicial,Vuelo comercial que despego de Aeroparque y debio desviarse a Ezeiza por un desperfecto en un motor poco despues del despegue.,B737-800,,Comercial,VMC,Dia,10.0,12.0,-34.5592,-58.4156,0,0,Alto,,,,,
MEDIA-SAZR-20260301,2026-03-01T14:25:00,SAZR,Santa Rosa,Santa Rosa,La Pampa,Excursion de pista,Pista,Aterrizaje,La aeronave se desvio lateralmente durante la carrera de aterrizaje en pista humeda y requirio intervencion operativa.,B737-800,LV-FPS,Comercial,Lluvia,Dia,5.0,18.0,-36.5883,-64.2757,0,0,Alto,,,,,
MEDIA-AEP-EZE-20260312,2026-03-12T17:20:00,SABE,Aeroparque Jorge Newbery,Ciudad de Buenos Aires,CABA,Impacto en motor,Fauna,Ascenso inicial,Aeronave de Aerolineas Argentinas debio aterrizar de emergencia en Ezeiza tras impacto o desperfecto detectado en un motor luego de despegar desde Aeroparque.,B737-800,,Comercial,VMC,Dia,10.0,14.0,-34.5592,-58.4156,0,0,Alto,,,,,
